DATE 	DELTA	28	91	182	364	728	1092	1820	3640
20230929	10	0.684130012	0.453830846	0.356847003	0.261593164	0.307127122	0.342191371	0.324379017	0.317279884
20230928	10	0.712459034	0.475168796	0.372236188	0.270484285	0.315185733	0.337750504	0.345803625	0.376303576
20230927	10	0.713411721	0.477547184	0.376139411	0.275848449	0.322300516	0.330608869	0.353010945	0.376689966
20230926	10	0.707842602	0.467827862	0.371938447	0.2770478	0.321810516	0.330709843	0.353780652	0.37675162
20230925	10	0.727918262	0.492533836	0.407166929	0.296729646	0.35355847	0.350246686	0.357167669	0.390991585
20230922	10	0.735741664	0.486333422	0.384844323	0.294759325	0.351070742	0.343120735	0.344532711	0.384025865
20230921	10	0.889118811	0.589145338	0.470627113	0.321909514	0.354561353	0.354018437	0.347096497	0.365987925
20230920	10	0.915211561	0.597188192	0.476889631	0.324183367	0.350156522	0.347425474	0.351848055	0.366821607
20230919	10	0.908118652	0.595509431	0.472442412	0.330802673	0.348302572	0.357148133	0.348982299	0.369834292
20230918	10	0.89991197	0.591382441	0.468325591	0.318668665	0.348402396	0.354987885	0.353434858	0.361469112
20230915	10	0.929570137	0.607597529	0.460964709	0.333678476	0.344720203	0.355534018	0.353752219	0.356727323
20230914	10	0.922289378	0.597676751	0.469019677	0.324940567	0.356411525	0.344588688	0.347527703	0.364316403
20230913	10	0.798998364	0.538697088	0.425937352	0.296067955	0.321688458	0.332066768	0.334149736	0.339814895
20230912	10	0.811109139	0.539050753	0.428831182	0.294806601	0.319352511	0.330517416	0.340953307	0.370578664
20230911	10	0.823740827	0.528590445	0.419895315	0.302887798	0.324687937	0.314611698	0.366763314	0.422052489
20230908	10	0.689084287	0.470123916	0.363837302	0.25512119	0.280984837	0.293603682	0.305655467	0.310560415
20230907	10	0.691736712	0.481704064	0.370740308	0.255164107	0.283532196	0.290341712	0.297509328	0.309551559
20230906	10	0.70547276	0.449638755	0.360587306	0.256266504	0.274073018	0.272974806	0.308348549	0.360056077
20230905	10	0.686197735	0.462246931	0.357909673	0.255817039	0.283326458	0.269353989	0.302109403	0.353786944
20230904	10	0.699786645	0.456617158	0.355820627	0.251967411	0.278117747	0.278089613	0.302775641	0.35838337
20230901	10	0.687166041	0.459156666	0.35286224	0.250136075	0.279596699	0.269751737	0.306112092	0.345717788
20230831	10	0.681843714	0.44448433	0.352986083	0.252531892	0.268351012	0.274743951	0.307839132	0.356511601
20230830	10	0.674374211	0.454005744	0.354282357	0.249679359	0.272623738	0.274046574	0.302369024	0.358587419
20230829	10	0.67193338	0.451552483	0.347263181	0.246858373	0.276753364	0.271953793	0.304381508	0.35637643
20230828	10	0.660312897	0.43394916	0.348595492	0.239701425	0.278994687	0.268617939	0.310007987	0.349715021
20230825	10	0.668924645	0.442186819	0.351963667	0.252500021	0.271578079	0.270400345	0.302240565	0.343625952
20230824	10	0.626267968	0.408007914	0.328794977	0.22923937	0.270238405	0.288393024	0.297258878	0.350156713
20230823	10	0.598574753	0.403581171	0.333335774	0.229648944	0.270429681	0.276071447	0.299169462	0.340273603
20230822	10	0.59946247	0.403862165	0.323370913	0.235123476	0.273382908	0.273738748	0.311263691	0.341745547
20230821	10	0.620437933	0.408147066	0.322980136	0.233487803	0.27180195	0.273791996	0.303326924	0.360897362
20230818	10	0.602905205	0.41128512	0.313413362	0.238311236	0.271305497	0.27714017	0.273121215	0.301895458
20230817	10	0.606961482	0.401668622	0.327867287	0.236183368	0.264872774	0.277139812	0.271497944	0.299995455
20230816	10	0.62476999	0.409691262	0.320634071	0.229935333	0.270920425	0.266613126	0.282187087	0.304856997
20230815	10	0.611760773	0.409259676	0.323713473	0.229983208	0.269004248	0.26475625	0.276688293	0.29601281
20230814	10	0.591291957	0.374512147	0.302331194	0.213775428	0.258074081	0.250788139	0.275610799	0.32077108
20230811	10	0.520367746	0.341686855	0.276966541	0.200357275	0.250784104	0.25813909	0.280408181	0.327512462
20230810	10	0.521571127	0.338342671	0.267722234	0.205891709	0.24823153	0.264570741	0.279348481	0.317620033
20230809	10	0.519096987	0.340147042	0.279159312	0.201350369	0.254991456	0.259120893	0.279675749	0.323459665
20230808	10	0.529212766	0.350714759	0.286371117	0.20278751	0.23971272	0.252436146	0.283188293	0.304800742
20230807	10	0.463074925	0.301711616	0.251684533	0.193727597	0.242927787	0.249061178	0.282950082	0.319569775
20230804	10	0.469620746	0.315268596	0.247378198	0.190834714	0.246055243	0.251885285	0.285308801	0.315915165
20230803	10	0.465952538	0.309438909	0.24476062	0.193232562	0.245349147	0.247877004	0.277413127	0.339751388
20230802	10	0.462992998	0.314634962	0.250987318	0.191861229	0.241688867	0.246867835	0.277665672	0.342633568
20230801	10	0.506873469	0.344954442	0.269537336	0.199099379	0.244133618	0.244980603	0.277351036	0.324625438
20230731	10	0.467742162	0.319485001	0.251467617	0.186107556	0.220529798	0.243636112	0.267887303	0.309832205
20230728	10	0.490892895	0.328442116	0.254707355	0.187004078	0.220269415	0.255667187	0.288472113	0.29236031
20230727	10	0.549406972	0.377508907	0.287287553	0.211815479	0.247905406	0.259605606	0.295891206	0.328106494
20230726	10	0.615361122	0.421527006	0.324792099	0.232310385	0.254541863	0.266136273	0.292600137	0.325135205
20230725	10	0.637534924	0.419523543	0.324888063	0.226368459	0.252592509	0.258356923	0.283406324	0.322984417
20230724	10	0.590764091	0.400700059	0.317528867	0.225758282	0.243177421	0.255957698	0.280228233	0.313387275
20230721	10	0.259624032	0.167057582	0.148375973	0.126752652	0.202548001	0.224530441	0.259312323	0.312975107
20230720	10	0.261483583	0.164847024	0.142573353	0.126459533	0.201620795	0.223547008	0.245791255	0.30080529
20230719	10	0.246810579	0.161311791	0.137400729	0.118061891	0.188934678	0.22514156	0.252702811	0.295858089
20230718	10	0.240263381	0.152463216	0.126850875	0.105317009	0.169176524	0.212590169	0.247993011	0.266908505
20230717	10	0.251402021	0.167239203	0.13958756	0.113499178	0.172372355	0.207414575	0.235179545	0.276155852
20230714	10	0.245869092	0.157616104	0.12932835	0.116353683	0.184679738	0.208033339	0.242772765	0.278877758
20230713	10	0.241565778	0.160848213	0.133165093	0.117726842	0.18557556	0.210357499	0.233130419	0.269735351
20230712	10	0.229400617	0.150307516	0.128565022	0.114747892	0.193173666	0.212587982	0.224363052	0.254106129
20230711	10	0.246715405	0.156119107	0.131809135	0.114200143	0.173823863	0.18960621	0.221641129	0.258606125
20230710	10	0.23901262	0.15558083	0.135076893	0.112406124	0.172111782	0.188556312	0.212251815	0.253209745
20230707	10	0.267326972	0.176166545	0.140663459	0.111836434	0.155474823	0.188279103	0.194074853	0.186308071
20230706	10	0.266881332	0.172969881	0.143709109	0.11283455	0.155177076	0.187923757	0.19479313	0.198951189
20230705	10	0.265138117	0.171513456	0.142049849	0.11362288	0.154367356	0.189788444	0.204070839	0.200929967
20230704	10	0.266459038	0.179531388	0.140764566	0.110370259	0.15594594	0.189146585	0.197604412	0.192978949
20230703	10	0.273551515	0.175731083	0.143435329	0.111130136	0.14571811	0.180491922	0.186962646	0.181092835
20230630	10	0.267517133	0.176879093	0.144778684	0.108069715	0.146595325	0.184915982	0.191955629	0.182768371
20230629	10	0.263306472	0.178460234	0.141498492	0.108864564	0.146376856	0.180073369	0.197722236	0.186593843
20230628	10	0.271909055	0.178568089	0.141912738	0.109057771	0.146470273	0.180493832	0.193670864	0.188756568
20230627	10	0.276324307	0.181299226	0.148089645	0.106570396	0.14239274	0.17891407	0.192647078	0.183386254
20230626	10	0.302961859	0.202693031	0.154841701	0.10618893	0.126946623	0.173693794	0.188769834	0.166337509
20230623	10	0.306726807	0.200009589	0.153847834	0.114145518	0.149335226	0.191286545	0.206868119	0.182487772
20230622	10	0.29241091	0.19482753	0.155859592	0.113066936	0.15390608	0.190089278	0.202053108	0.185983714
20230621	10	0.275868444	0.189722353	0.149738462	0.119243785	0.156399998	0.186853755	0.205256585	0.215510851
20230620	10	0.342229992	0.227045158	0.183263193	0.137460823	0.173990064	0.197322206	0.201098077	0.205769798
20230619	10	0.354557183	0.226109616	0.182234489	0.134549387	0.17316627	0.201573428	0.209875785	0.214103175
20230616	10	0.34407178	0.221019346	0.18049093	0.134888563	0.172903366	0.199446775	0.207803604	0.222784917
20230615	10	0.373384487	0.242158452	0.186771119	0.137054702	0.162780768	0.192323022	0.213007423	0.201074317
20230614	10	0.36714583	0.246228667	0.19430167	0.134550297	0.160694817	0.193073656	0.213710455	0.205451068
20230613	10	0.362385287	0.250308194	0.19571915	0.133370361	0.15926511	0.195535966	0.209428105	0.201735764
20230612	10	0.330578974	0.218898295	0.174012279	0.133682116	0.182856752	0.19731933	0.209101105	0.220837749
20230609	10	0.327196484	0.218194375	0.175298487	0.139704659	0.176952398	0.201675337	0.205952996	0.21648988
20230608	10	0.326154612	0.219120177	0.176836263	0.131385267	0.18045239	0.200839172	0.214323035	0.214270347
20230607	10	0.333096191	0.214131114	0.174111219	0.136371336	0.183082709	0.205901147	0.215278728	0.233536237
20230606	10	0.349321239	0.22885079	0.180616024	0.133775265	0.16901186	0.19900912	0.215294204	0.233748229
20230605	10	0.346628252	0.228256102	0.182038202	0.139833303	0.180969688	0.194597797	0.239493048	0.271273692
20230602	10	0.416384094	0.279554295	0.217441294	0.157437244	0.18588709	0.206998165	0.232719325	0.247974305
20230601	10	0.411116233	0.266946612	0.216026079	0.15746837	0.191555459	0.207129052	0.24955979	0.287752559
20230531	10	0.405985865	0.268075082	0.219083857	0.152139221	0.188455893	0.219340017	0.251400763	0.257732723
20230530	10	0.410114177	0.261178213	0.211667091	0.156011737	0.190246989	0.21718994	0.256940325	0.264263595
20230529	10	0.406864965	0.266083189	0.20283701	0.151760362	0.182359162	0.227038191	0.253165153	0.254386278
20230526	10	0.433273681	0.298416155	0.226088728	0.151155625	0.168596448	0.218638075	0.257942363	0.239941441
20230525	10	0.465549665	0.311592598	0.239246452	0.17192575	0.193747007	0.227299874	0.268079528	0.268715139
20230524	10	0.459443127	0.303887792	0.230306717	0.170135854	0.192293122	0.231835628	0.252265735	0.262251652
20230523	10	0.455137436	0.300756761	0.236448236	0.163180258	0.191443006	0.234539239	0.271745307	0.254054312
20230522	10	0.460855096	0.301030229	0.236826453	0.170176108	0.204127059	0.240685226	0.26267761	0.261219449
20230519	10	0.460552434	0.301642231	0.236266836	0.17201926	0.215990708	0.249010778	0.271289746	0.280787938
20230518	10	0.455590828	0.304002638	0.238010419	0.183475187	0.224423483	0.247011609	0.272858702	0.279570703
20230517	10	0.458300454	0.305251271	0.251367416	0.179538561	0.223132834	0.249107829	0.273349385	0.287151082
20230516	10	0.458020621	0.300301675	0.243767815	0.182364272	0.22465493	0.240261893	0.26239255	0.286698835
20230515	10	0.469979657	0.315762673	0.251233609	0.179471336	0.21906982	0.247596797	0.260912163	0.287675192
20230512	10	0.485108142	0.311318676	0.257152831	0.181468673	0.218549389	0.257611994	0.273403079	0.266106062
20230511	10	0.46089048	0.313754788	0.243180115	0.187490455	0.230500016	0.245322404	0.256871093	0.270364831
20230510	10	0.671738	0.434030379	0.362890353	0.25552349	0.313973051	0.330826792	0.328806666	0.310869841
20230509	10	0.723584674	0.486025723	0.377066002	0.272228537	0.323193227	0.340847122	0.357968472	0.370159649
20230508	10	0.72357682	0.468446842	0.380116678	0.273145411	0.314934083	0.340587977	0.352302629	0.358915576
20230505	10	0.7297825	0.471765566	0.371598793	0.278717524	0.32476638	0.33198479	0.344509901	0.378026413
20230504	10	0.756484222	0.488470295	0.397977764	0.303609098	0.348869146	0.349048297	0.346877354	0.388271585
20230503	10	0.759811973	0.482575774	0.405128152	0.297764247	0.343654884	0.356758661	0.34657779	0.390362
20230502	10	0.898637403	0.592039506	0.467552204	0.329529614	0.35791474	0.353193428	0.350391919	0.360448842
20230428	10	0.921697084	0.606835986	0.4680304	0.330458102	0.354911412	0.351079798	0.351631499	0.367579037
20230427	10	0.900138313	0.582430677	0.469424569	0.325427156	0.352644247	0.353345717	0.350110171	0.36316616
20230426	10	0.892940138	0.590387766	0.47047976	0.323939161	0.352735156	0.345110284	0.341779941	0.353112407
20230425	10	0.897131229	0.611243191	0.463551556	0.334255737	0.350187192	0.342760896	0.353178554	0.360112695
20230424	10	0.905921974	0.590904052	0.460778327	0.32759091	0.341794732	0.350064462	0.351506323	0.346697532
20230421	10	0.821656549	0.551739277	0.424869527	0.299951758	0.329331162	0.333456398	0.335516481	0.345857047
20230420	10	0.82849814	0.532558908	0.425499588	0.298883374	0.326944336	0.32991794	0.337251239	0.363731398
20230419	10	0.807522951	0.536145035	0.414710785	0.303817485	0.324802213	0.323799187	0.360091869	0.415091298
20230418	10	0.713142452	0.471642016	0.36775123	0.25393909	0.275579013	0.29366448	0.300790802	0.303946452
20230417	10	0.709907907	0.462819537	0.368406005	0.252151226	0.275358914	0.304156611	0.312386743	0.305835309
20230414	10	0.687321715	0.452354663	0.359023916	0.262902872	0.276493208	0.274019945	0.303853154	0.3398705
20230413	10	0.696490633	0.463829216	0.357943559	0.259609386	0.277370992	0.273816719	0.30511927	0.354494614
20230412	10	0.683291169	0.445996639	0.35065996	0.256667996	0.271131284	0.27759496	0.307364042	0.361094351
20230411	10	0.6748768	0.450458812	0.367617796	0.248726645	0.277408873	0.275922646	0.3119515	0.347050795
20230410	10	0.679187041	0.455309226	0.34977966	0.24971245	0.277148658	0.275551325	0.306931809	0.366893067
20230405	10	0.667265121	0.457810303	0.351533138	0.247509272	0.274984455	0.276584792	0.310354095	0.348484997
20230404	10	0.665088026	0.439598963	0.340209421	0.247686876	0.277413305	0.2807555	0.303444597	0.351143798
20230403	10	0.67507048	0.436378318	0.341645549	0.250034106	0.274344052	0.275705435	0.306880021	0.347295282
20230331	10	0.67171879	0.426397368	0.355860787	0.256790639	0.275301284	0.280173755	0.296861672	0.347309771
20230330	10	0.619043846	0.405982327	0.324927895	0.237219106	0.270748787	0.266907083	0.30625452	0.3274556
20230329	10	0.609768966	0.406917493	0.329815818	0.237090605	0.26343568	0.275983972	0.306488348	0.342702901
20230328	10	0.625634302	0.400623382	0.329829453	0.232479343	0.271635588	0.278572797	0.306212602	0.338868978
20230327	10	0.609086607	0.401398824	0.325566689	0.237752514	0.267477106	0.270676679	0.305816733	0.352441551
20230324	10	0.625558819	0.402854142	0.315556562	0.233023118	0.27062796	0.265584083	0.263876913	0.29908985
20230323	10	0.613573165	0.410692042	0.31776817	0.239083615	0.26962975	0.27817095	0.270895346	0.304833327
20230322	10	0.615277445	0.400790004	0.325463245	0.235476938	0.266363115	0.268320167	0.272467724	0.313397318
20230321	10	0.621004291	0.411543861	0.322390008	0.232521174	0.274691427	0.274822977	0.27422334	0.299511429
20230317	10	0.581814685	0.378574515	0.308181448	0.219300616	0.252434129	0.259963256	0.28424936	0.32378617
20230316	10	0.51097314	0.338803634	0.275595565	0.208553558	0.243323871	0.257954579	0.280376117	0.323919979
20230315	10	0.519804314	0.344875973	0.272609722	0.208206802	0.257695932	0.26458398	0.286452498	0.321817925
20230314	10	0.526155892	0.341881788	0.271313337	0.209315787	0.252653138	0.257316427	0.282618977	0.323097358
20230313	10	0.535107626	0.353335948	0.283844861	0.205523909	0.242325927	0.260871505	0.277683166	0.311192496
20230310	10	0.469124213	0.314769815	0.245079203	0.195569877	0.239254923	0.25683585	0.278997351	0.308976387
20230309	10	0.47683217	0.309971	0.249658611	0.193791637	0.243904063	0.255275725	0.27790003	0.325609281
20230308	10	0.480648178	0.310707219	0.243645703	0.190357247	0.243845103	0.240783464	0.278845661	0.348621813
20230307	10	0.480088512	0.298584999	0.250909994	0.188877078	0.240587346	0.243394855	0.287055769	0.338601089
20230306	10	0.521968943	0.346128289	0.266401537	0.20643248	0.234510228	0.249523348	0.275946355	0.336186049
20230303	10	0.482193246	0.308697319	0.246958004	0.179359288	0.221286528	0.248386561	0.278955576	0.30303575
20230302	10	0.4966856	0.32478612	0.261860125	0.187276468	0.224943754	0.256367347	0.293431684	0.311513522
20230301	10	0.554523472	0.367128965	0.292277622	0.207048059	0.244255696	0.257126246	0.287654543	0.324529418
20230228	10	0.615519039	0.414969942	0.327412015	0.231116194	0.248354068	0.253003791	0.291450254	0.325181838
20230227	10	0.628250461	0.404522916	0.322952761	0.225593903	0.244800003	0.26198372	0.288219961	0.330013741
20230224	10	0.596841865	0.406368104	0.310782537	0.223765804	0.245329361	0.262463051	0.279463167	0.304357915
20230223	10	0.264088202	0.166420831	0.147503935	0.12227271	0.204199118	0.22529552	0.251827902	0.318626535
20230222	10	0.261880981	0.170710836	0.145379658	0.128427044	0.202493569	0.227974119	0.248280417	0.305421685
20230221	10	0.243570764	0.156921628	0.135010815	0.119728626	0.19440632	0.227393314	0.246140934	0.29281206
20230220	10	0.237298194	0.157812844	0.127186793	0.105704221	0.167069219	0.207292366	0.255150017	0.273158141
20230217	10	0.256168441	0.163031474	0.140634211	0.112986361	0.17356505	0.214116068	0.246315754	0.281938685
20230216	10	0.249908408	0.157547992	0.134576493	0.112563686	0.187455876	0.202416159	0.242578607	0.277208357
20230215	10	0.246350938	0.153745527	0.130803012	0.113170288	0.180495566	0.209592519	0.235204052	0.265650076
20230214	10	0.219998774	0.145824117	0.121762423	0.11643422	0.190680404	0.205271927	0.221645043	0.261138116
20230213	10	0.243340867	0.159993934	0.133626127	0.116444605	0.17318571	0.196145526	0.219860554	0.256746174
20230210	10	0.239117197	0.157113098	0.13128846	0.10961369	0.167495628	0.192694409	0.209993786	0.25167758
20230209	10	0.262883416	0.170750025	0.142811957	0.110319046	0.1549958	0.183930579	0.190479193	0.186220263
20230208	10	0.263731312	0.174647378	0.140729679	0.111939659	0.156072111	0.187348976	0.204630829	0.197062171
20230207	10	0.267995906	0.174300467	0.148496912	0.109292626	0.157728403	0.185414283	0.199481214	0.196804212
20230203	10	0.269962636	0.180305048	0.142499594	0.112866845	0.158324705	0.189196955	0.198721741	0.197283244
20230202	10	0.269306576	0.174094003	0.145814683	0.109937793	0.149596199	0.179343203	0.19051602	0.182373228
20230201	10	0.273500456	0.179838471	0.143119686	0.109772229	0.148323754	0.177700714	0.191686557	0.182158772
20230131	10	0.272957459	0.178221099	0.142339985	0.105874113	0.146790315	0.181943292	0.190491491	0.186042407
20230130	10	0.268657585	0.175149987	0.141166488	0.110784866	0.148042482	0.181367845	0.197163759	0.189318701
20230127	10	0.279471757	0.185659299	0.144159586	0.110614055	0.144761851	0.176086942	0.194753459	0.179958665
20230126	10	0.299788874	0.198405067	0.153636676	0.107031065	0.129192563	0.172873313	0.192897583	0.165653246
20230125	10	0.305995337	0.199660594	0.15727188	0.117977268	0.146442561	0.187694353	0.201084211	0.180827711
20230124	10	0.29276997	0.19590569	0.155384194	0.113829631	0.152817939	0.193098114	0.199140333	0.187600075
20230123	10	0.286428394	0.188731799	0.148182307	0.115069924	0.157272461	0.185763684	0.203437529	0.214624381
20230120	10	0.354607976	0.223640671	0.178607399	0.136150906	0.17269981	0.197933758	0.205294726	0.207661033
20230119	10	0.34970233	0.232286136	0.177313416	0.134427931	0.175698201	0.20001725	0.204890422	0.204801155
20230118	10	0.337721396	0.236459497	0.181500161	0.133125794	0.171524355	0.193935375	0.212881661	0.225673221
20230117	10	0.368024536	0.236687068	0.196457886	0.139016251	0.163344621	0.19588649	0.216030927	0.202741114
20230116	10	0.361856668	0.238182902	0.187371346	0.130268197	0.160922568	0.198797396	0.212629079	0.205907187
20230113	10	0.370756695	0.242561637	0.19645471	0.138504773	0.161679304	0.202373999	0.219674354	0.206749154
20230112	10	0.329470645	0.223904483	0.176438469	0.135325513	0.180433112	0.20094298	0.212952425	0.220578188
20230111	10	0.335731521	0.219175313	0.180711843	0.137024713	0.177947787	0.204123007	0.213335616	0.214837785
20230110	10	0.33504524	0.219706577	0.177011176	0.139246457	0.185224709	0.204743505	0.210510447	0.215261039
20230109	10	0.321680542	0.214232075	0.176551213	0.135233315	0.182726858	0.204339743	0.213339616	0.230276578
20230106	10	0.351812493	0.229129255	0.183350239	0.135956974	0.166158609	0.198019196	0.219654079	0.240846812
20230105	10	0.347145428	0.231093327	0.190319981	0.136356215	0.173667853	0.194160112	0.231600924	0.273876707
20230104	10	0.426958113	0.277464637	0.220151165	0.160120579	0.17965165	0.205008567	0.232188114	0.256673006
20230103	10	0.403449432	0.267608205	0.218502407	0.155435753	0.187469978	0.21161829	0.248840519	0.28261575
20230102	10	0.408144939	0.269853037	0.21366541	0.157468225	0.187905871	0.224099841	0.245516968	0.252905058
20221230	10	0.399175475	0.261062804	0.202972896	0.14802158	0.185204878	0.233986607	0.260565255	0.271229999
20221229	10	0.406504681	0.270663468	0.210169509	0.149240389	0.181060704	0.218073185	0.257215189	0.266145491
20221228	10	0.43739915	0.290965723	0.229610348	0.152908506	0.169246932	0.216956163	0.258673656	0.240788152
20221227	10	0.459916155	0.298665373	0.243414921	0.165948398	0.191544742	0.239461009	0.264085056	0.266859257
20221226	10	0.446811868	0.295090735	0.232153803	0.167978413	0.195751244	0.229150286	0.260805147	0.255357268
20221223	10	0.439526744	0.301214528	0.234840038	0.168618908	0.199087273	0.233276681	0.27101338	0.260378427
20221222	10	0.453856327	0.306733182	0.238772284	0.169451744	0.19613873	0.239403009	0.260711907	0.255626244
20221221	10	0.447674692	0.291798128	0.23579609	0.179687993	0.216645152	0.242288023	0.260131781	0.275271521
20221220	10	0.45629483	0.312325016	0.238759445	0.179540189	0.220668936	0.244506559	0.266557907	0.277901642
20221219	10	0.459959102	0.30381421	0.242529503	0.180570528	0.222246702	0.252710577	0.264171744	0.291214314
20221216	10	0.46144161	0.304797711	0.243600933	0.17909395	0.217589722	0.244988005	0.275138792	0.28847489
20221215	10	0.482055315	0.312756961	0.254493999	0.181677932	0.225946418	0.245744491	0.27596064	0.287550413
20221214	10	0.480495765	0.310185408	0.247950087	0.18094501	0.220121908	0.250707743	0.265766059	0.265317877
20221213	10	0.465452682	0.307257143	0.245808823	0.177994228	0.232326185	0.248767121	0.257048195	0.276436216
20221209	10	0.923707777	0.615996301	0.482213521	0.321034898	0.351170447	0.346169108	0.343525639	0.365601197
20221208	10	0.807957869	0.550709166	0.421237097	0.296329125	0.328862237	0.333533512	0.336756271	0.347262717
20221207	10	0.807353776	0.542024795	0.422521382	0.296461381	0.326669551	0.322519092	0.337249354	0.363536065
20221206	10	0.814123754	0.547164258	0.424280564	0.305049811	0.329354726	0.325424107	0.363052842	0.419424773
20221205	10	0.693983926	0.463167047	0.363628523	0.252375206	0.281451074	0.30120215	0.307824789	0.306050796
20221202	10	0.71386216	0.469521087	0.356257529	0.258664252	0.278993262	0.294735253	0.305111124	0.305919198
20221201	10	0.680088218	0.458209967	0.363977985	0.249134268	0.282356869	0.263555069	0.304674759	0.350250659
20221130	10	0.687817752	0.454622084	0.364761597	0.256529376	0.275380166	0.280090394	0.305039963	0.353331022
20221129	10	0.681327363	0.450526729	0.354954056	0.255211682	0.282236895	0.275803603	0.314980644	0.352130937
20221128	10	0.695701765	0.439848398	0.35196262	0.249521519	0.268886046	0.275926734	0.310673897	0.356819962
20221125	10	0.688658283	0.447363227	0.354120687	0.253067101	0.278763116	0.270400522	0.311231079	0.351349703
20221124	10	0.687069275	0.441269146	0.357163968	0.256870028	0.281337122	0.274991348	0.301193343	0.3605311
20221123	10	0.66801081	0.444797518	0.344500045	0.248600512	0.275192597	0.279671694	0.306663412	0.361171079
20221122	10	0.672025841	0.43331853	0.348419305	0.249027764	0.275440353	0.277098319	0.30178614	0.350763886
20221118	10	0.668776198	0.435858972	0.349670808	0.242003606	0.278125388	0.283260784	0.301597429	0.343627485
20221117	10	0.632140676	0.403906332	0.320621473	0.2345841	0.273228252	0.271168016	0.296463978	0.346536058
20221116	10	0.612915243	0.405033266	0.328793722	0.232092589	0.267066536	0.275207664	0.309120275	0.347519691
20221115	10	0.610650564	0.408873117	0.317398956	0.236055242	0.269989474	0.271279943	0.302350264	0.34309856
20221114	10	0.606337465	0.408793468	0.320523451	0.236664517	0.270556595	0.270113615	0.301926978	0.356682275
20221111	10	0.60526299	0.404225467	0.3176586	0.24106456	0.272276321	0.269890711	0.278280425	0.288647864
20221110	10	0.59488403	0.406552682	0.322652687	0.23649451	0.272875463	0.265238126	0.283034606	0.305929975
20221109	10	0.612228172	0.403121411	0.319444844	0.241458298	0.266001392	0.269361005	0.269590156	0.292379838
20221108	10	0.607793325	0.410605622	0.316464486	0.234419815	0.269805119	0.268672821	0.277297793	0.307110698
20221107	10	0.574197372	0.390443919	0.302874648	0.221573136	0.260288607	0.253153786	0.281751861	0.316839577
20221104	10	0.518252045	0.342424594	0.270119424	0.202940695	0.254268363	0.254297053	0.284033203	0.318223169
20221103	10	0.519911811	0.343138657	0.269525389	0.203656926	0.25087323	0.262279854	0.282620346	0.321229822
20221101	10	0.531808134	0.349016825	0.271284295	0.204241509	0.254606624	0.261558038	0.279050002	0.322300484
20221031	10	0.52639984	0.355509521	0.281178812	0.208242438	0.236028592	0.254781234	0.28062388	0.298483353
20221028	10	0.462221717	0.309220474	0.253575411	0.192434336	0.245077241	0.252391602	0.27882711	0.315586489
20221027	10	0.485216308	0.312120952	0.253742716	0.191736263	0.245475421	0.258560492	0.280542974	0.316856997
20221026	10	0.457879459	0.312035264	0.244222569	0.185473091	0.237158712	0.247971436	0.279112474	0.342665751
20221025	10	0.463135917	0.312237303	0.250774294	0.190437119	0.241620684	0.247780916	0.281658613	0.338986861
20221024	10	0.515120505	0.343379158	0.266250672	0.201911354	0.240971774	0.245932643	0.279053345	0.328256195
20221021	10	0.469434634	0.31597863	0.251371157	0.185333123	0.223431775	0.241568635	0.287176201	0.305279745
20221020	10	0.494023914	0.33586602	0.255286516	0.189011235	0.230682485	0.259213879	0.286857172	0.290449711
20221019	10	0.558540922	0.360537497	0.285017812	0.210382955	0.243276701	0.251062165	0.294704261	0.325538902
20221018	10	0.63060356	0.418895065	0.321325148	0.226792753	0.255997423	0.254956117	0.291777579	0.32289682
20221017	10	0.633266038	0.413708461	0.326266763	0.233765986	0.249634269	0.261119614	0.288367675	0.316350007
20221014	10	0.605635334	0.396860743	0.308185737	0.220425138	0.249244908	0.265836054	0.278470462	0.310484915
20221013	10	0.258855253	0.162461129	0.145823076	0.127164598	0.202537294	0.230845988	0.258583555	0.325378251
20221012	10	0.265104991	0.170111456	0.144429695	0.127400792	0.20174671	0.225080416	0.25724044	0.30654969
20221011	10	0.25132549	0.157697027	0.137961242	0.119726779	0.192030397	0.226627418	0.250517647	0.293699848
20221010	10	0.238283103	0.156926372	0.130329822	0.104477846	0.165868831	0.212516783	0.251341526	0.274947435
20221007	10	0.250705438	0.167944318	0.136798968	0.114006071	0.17348694	0.212812802	0.237960488	0.275821759
20221006	10	0.240973811	0.153611411	0.134556459	0.113238111	0.180724556	0.205677642	0.239772884	0.283594656
20221005	10	0.24197979	0.159506021	0.134060257	0.113137728	0.177143189	0.209986235	0.235636088	0.266052065
20221004	10	0.233310198	0.14840441	0.128269046	0.113551446	0.18662704	0.207541548	0.221649646	0.257563538
20221003	10	0.242182973	0.16054645	0.137136309	0.117433363	0.17470987	0.193140683	0.220368403	0.250938789
20220930	10	0.243097012	0.154143011	0.135285393	0.108204249	0.16979667	0.195342094	0.210650543	0.252796516
20220929	10	0.269019097	0.174637692	0.143636127	0.111803506	0.156948468	0.188142508	0.199133155	0.185703197
20220928	10	0.273073466	0.173028331	0.138672915	0.111050933	0.156268267	0.192571261	0.194298792	0.1962439
20230929	25	0.564323874	0.381750395	0.309901285	0.22880213	0.275575818	0.305555396	0.296940066	0.29394305
20230928	25	0.605282604	0.40510229	0.324951396	0.237801801	0.291346056	0.309454803	0.322994233	0.338014618
20230927	25	0.580370841	0.402827028	0.328495881	0.245966477	0.292186588	0.302156473	0.314071409	0.34476279
20230926	25	0.597383996	0.404717936	0.329325051	0.243264779	0.288590436	0.309519393	0.321465189	0.34458478
20230925	25	0.596058789	0.414519954	0.34253024	0.263272731	0.31396509	0.318795665	0.322205634	0.355502626
20230922	25	0.620636954	0.426394794	0.350518809	0.262017126	0.308275331	0.314542719	0.32232285	0.347060979
20230921	25	0.72091746	0.504186794	0.402811216	0.294925667	0.317192242	0.312415012	0.326540032	0.340746451
20230920	25	0.742462561	0.512298721	0.404900839	0.289003377	0.312898782	0.326957391	0.32561779	0.341237494
20230919	25	0.740548986	0.49220065	0.406334763	0.29197629	0.317852059	0.312967595	0.316349549	0.338249222
20230918	25	0.748184161	0.503738191	0.419484056	0.293061026	0.316075969	0.312522718	0.332866569	0.326782865
20230915	25	0.755601251	0.518311857	0.402919459	0.282824583	0.317981608	0.318763701	0.322247493	0.328730622
20230914	25	0.765561904	0.511113204	0.407564229	0.298773907	0.316230973	0.320213832	0.323294245	0.339321621
20230913	25	0.671929662	0.474201051	0.369012869	0.265218293	0.295500468	0.297483229	0.311854184	0.325855387
20230912	25	0.675729916	0.455414411	0.368178583	0.268019636	0.290745121	0.301325504	0.312803186	0.338369068
20230911	25	0.67560788	0.446614741	0.364149006	0.263573011	0.291316091	0.302076992	0.338603034	0.39354584
20230908	25	0.580702284	0.401095291	0.319723708	0.223542391	0.24906483	0.268822867	0.282353888	0.288281676
20230907	25	0.572722452	0.405898074	0.329928792	0.229420491	0.253150531	0.270051136	0.276726523	0.288156572
20230906	25	0.579539048	0.393409202	0.308193688	0.225632157	0.25182718	0.255515509	0.286700016	0.329586241
20230905	25	0.557315252	0.391008623	0.313926782	0.229994599	0.25515204	0.25408304	0.278708595	0.336996887
20230904	25	0.554967749	0.383856361	0.316427387	0.22794969	0.258228121	0.257026431	0.279415797	0.32906127
20230901	25	0.567059447	0.394618202	0.310493212	0.227566017	0.249024943	0.260285533	0.287075272	0.325548391
20230831	25	0.573830417	0.393449796	0.316982094	0.220320218	0.250065056	0.25270097	0.281122514	0.328232703
20230830	25	0.561928533	0.384335055	0.305788589	0.224651349	0.253413772	0.245883144	0.28197693	0.3244754
20230829	25	0.558206124	0.377226968	0.307325183	0.216840385	0.243417639	0.26136187	0.285886167	0.330947036
20230828	25	0.547670609	0.384563161	0.309245779	0.225932205	0.253343926	0.256245653	0.284367178	0.326561624
20230825	25	0.544185584	0.369121762	0.307949111	0.217192267	0.249822866	0.250766228	0.285099973	0.318784939
20230824	25	0.503439902	0.356412995	0.283280162	0.211303227	0.242685917	0.254836957	0.279141648	0.3244284
20230823	25	0.517026911	0.354768082	0.287933144	0.206441686	0.246528275	0.250862483	0.282033133	0.325865378
20230822	25	0.513279573	0.345705671	0.279991348	0.208088246	0.24201943	0.253027507	0.276188857	0.317519628
20230821	25	0.511220593	0.344690271	0.285888221	0.209382786	0.240055643	0.246656013	0.284890719	0.331003485
20230818	25	0.504557584	0.353005162	0.283971359	0.209139018	0.243751681	0.249492122	0.259906017	0.282686394
20230817	25	0.508368061	0.352161636	0.284087492	0.208322364	0.247656001	0.238987368	0.256599006	0.279011835
20230816	25	0.518944963	0.350212942	0.283957863	0.212653428	0.245853235	0.24320728	0.251274577	0.28470854
20230815	25	0.497961763	0.347330342	0.291956515	0.211273805	0.246465823	0.245217345	0.259562715	0.286445864
20230814	25	0.478352116	0.325706397	0.26092348	0.199933543	0.23511087	0.235831303	0.256873558	0.301719304
20230811	25	0.44095645	0.296903117	0.233672978	0.186928523	0.242249255	0.235725949	0.261712907	0.304571382
20230810	25	0.434981187	0.303245836	0.243530679	0.185103544	0.234970127	0.241903763	0.262798842	0.300517571
20230809	25	0.434830781	0.296422134	0.245449728	0.1838967	0.232634648	0.238919376	0.260901684	0.30723114
20230808	25	0.470764844	0.312361514	0.249496396	0.181766421	0.219269217	0.235552452	0.256758522	0.287730636
20230807	25	0.39230291	0.265374168	0.216753286	0.169744957	0.218285871	0.236290743	0.259906107	0.304138756
20230804	25	0.399775635	0.274398059	0.225889881	0.16954387	0.215215647	0.23298971	0.253046974	0.304902614
20230803	25	0.385539115	0.263911431	0.219760332	0.171084188	0.216732705	0.226529229	0.255097285	0.319640589
20230802	25	0.39346716	0.268988668	0.218596102	0.172944066	0.221838263	0.228475614	0.263246578	0.317521316
20230801	25	0.424626148	0.29382712	0.235589765	0.175237011	0.218899625	0.227695684	0.262393287	0.318597507
20230731	25	0.397064595	0.271110014	0.228132943	0.163103304	0.201580841	0.225949657	0.265329912	0.297767678
20230728	25	0.410466402	0.291475741	0.231557916	0.169470689	0.201531216	0.232647708	0.269599802	0.280068484
20230727	25	0.463574477	0.317893227	0.257086123	0.190261764	0.223897693	0.233780295	0.269813108	0.309674495
20230726	25	0.529886615	0.352416527	0.287045391	0.204582427	0.228992298	0.241684251	0.27129528	0.304361174
20230725	25	0.527824953	0.360580987	0.286084952	0.201330478	0.227771066	0.240355711	0.268876833	0.293927296
20230724	25	0.504951948	0.344271013	0.27142088	0.19309998	0.229035937	0.23762098	0.256943067	0.278907804
20230721	25	0.222866415	0.149793636	0.129048481	0.11613467	0.182433177	0.211304542	0.234892046	0.305610846
20230720	25	0.216559643	0.149090177	0.126593391	0.114309761	0.186359662	0.211408739	0.235774389	0.284420225
20230719	25	0.212879175	0.144208602	0.12010472	0.10845037	0.17885236	0.211364324	0.233682363	0.27334235
20230718	25	0.206226469	0.135368704	0.116409303	0.0966476678	0.15709604	0.197456712	0.232337216	0.2646301
20230717	25	0.216734247	0.148848034	0.124975551	0.102476787	0.15872887	0.191841134	0.221544094	0.257714948
20230714	25	0.206854302	0.136618381	0.120766367	0.101635232	0.171212555	0.192632071	0.226069492	0.266663914
20230713	25	0.207986385	0.135215823	0.119099478	0.10410169	0.167465771	0.197539763	0.215518869	0.249902184
20230712	25	0.195764267	0.129756933	0.113667208	0.105489457	0.174101015	0.186248679	0.20564498	0.237748246
20230711	25	0.208995901	0.13802268	0.119544859	0.106224435	0.159526986	0.182295701	0.205191706	0.237918318
20230710	25	0.20318356	0.134800779	0.119579801	0.102875818	0.155991504	0.185629887	0.19833575	0.239388257
20230707	25	0.226522029	0.155671889	0.127936054	0.0992874595	0.145462511	0.167787654	0.176517689	0.177451483
20230706	25	0.232476707	0.152633966	0.128366709	0.100148861	0.144199352	0.177499456	0.185950131	0.187668928
20230705	25	0.225545577	0.159414685	0.124781333	0.100795586	0.143054508	0.175838221	0.187547755	0.190102207
20230704	25	0.225757346	0.151266569	0.128954824	0.0996157928	0.144557683	0.178469819	0.187810989	0.190055871
20230703	25	0.228856108	0.154974105	0.128527813	0.101070313	0.133842451	0.166060706	0.17369221	0.17224983
20230630	25	0.230348124	0.157107743	0.12947184	0.098374801	0.132393889	0.168210713	0.17755632	0.169623206
20230629	25	0.229877949	0.1551572	0.127667515	0.0973745985	0.134546058	0.165828107	0.178559093	0.176901307
20230628	25	0.227963847	0.156537328	0.129680133	0.0944097862	0.133386391	0.166844722	0.177590371	0.175137422
20230627	25	0.240171271	0.163975861	0.132160326	0.0986387656	0.133971488	0.168024866	0.182182704	0.169276269
20230626	25	0.257365773	0.171670183	0.140988056	0.0973324876	0.115417477	0.164326329	0.179363762	0.155308939
20230623	25	0.256936656	0.176682847	0.138491462	0.103831076	0.138889566	0.171197205	0.182120557	0.172501908
20230622	25	0.247791835	0.170401152	0.138634533	0.103323462	0.138083613	0.17381845	0.18860479	0.173035323
20230621	25	0.239636705	0.169475829	0.135172822	0.103722057	0.146993605	0.172704954	0.192607991	0.197853253
20230620	25	0.292536738	0.194492265	0.162740175	0.120961746	0.156068026	0.181599975	0.192806714	0.198372685
20230619	25	0.293211105	0.199487697	0.160930595	0.121680745	0.162345835	0.176776777	0.190139512	0.19417662
20230616	25	0.29464676	0.197539042	0.164209053	0.120600851	0.15705394	0.181436579	0.199043267	0.204762042
20230615	25	0.308970304	0.212208163	0.173149899	0.119593768	0.146049939	0.18476985	0.199655319	0.191966833
20230614	25	0.313121204	0.209877937	0.170181127	0.12165517	0.147157555	0.184760252	0.201405589	0.194168325
20230613	25	0.310335876	0.209320307	0.171014443	0.121320958	0.14767724	0.181167558	0.202444538	0.186991142
20230612	25	0.28503543	0.186149094	0.154141399	0.12047087	0.168930567	0.18889424	0.198470651	0.205326703
20230609	25	0.275924141	0.190691652	0.154255846	0.11855702	0.169844603	0.190479297	0.196261799	0.207320909
20230608	25	0.280625614	0.192784741	0.157854526	0.123191998	0.166217686	0.189216096	0.19437119	0.197065377
20230607	25	0.272318758	0.186410487	0.155337247	0.123361167	0.161931415	0.187504721	0.202608863	0.217167978
20230606	25	0.292991069	0.200499788	0.165287444	0.12314535	0.162260783	0.183575353	0.212005983	0.221562949
20230605	25	0.28828044	0.1988311	0.167211872	0.12636408	0.162960703	0.183533135	0.21758333	0.257507808
20230602	25	0.348893039	0.243729795	0.194986049	0.144706862	0.16705767	0.184775059	0.223067094	0.237279172
20230601	25	0.338415949	0.237762	0.192793929	0.143342201	0.174567307	0.193745325	0.233730307	0.266183622
20230531	25	0.343546763	0.235666118	0.188951362	0.140478089	0.169424364	0.204047046	0.224777348	0.240140334
20230530	25	0.33685854	0.228447933	0.191126363	0.133783993	0.172270424	0.201517454	0.233239574	0.251644697
20230529	25	0.328843019	0.23729451	0.189644297	0.140324514	0.162596424	0.205545332	0.235017335	0.25532073
20230526	25	0.374945929	0.255584774	0.203043281	0.135847944	0.15913392	0.205686926	0.238386794	0.227684218
20230525	25	0.390019862	0.269341179	0.211017032	0.151858435	0.177637815	0.215245372	0.247524368	0.252405624
20230524	25	0.385361039	0.262516514	0.20357767	0.153927044	0.177891969	0.21293024	0.240522469	0.248664892
20230523	25	0.381357523	0.266385132	0.204925143	0.149952121	0.179792458	0.21666801	0.250605752	0.240035755
20230522	25	0.394978393	0.263208389	0.212609942	0.152475638	0.179729968	0.226548755	0.249915973	0.236629762
20230519	25	0.377522198	0.249225509	0.219522518	0.153507258	0.199911079	0.229101109	0.246458082	0.256544281
20230518	25	0.389798586	0.259326716	0.216503974	0.165394197	0.204025035	0.229160769	0.253343238	0.273768049
20230517	25	0.391076479	0.268088019	0.214057436	0.16696922	0.205502876	0.226621301	0.243996407	0.278712267
20230516	25	0.371578487	0.257892115	0.216479177	0.158980154	0.207165923	0.228185443	0.252511811	0.265732523
20230515	25	0.401879404	0.275739914	0.222587163	0.159942727	0.205512152	0.22633681	0.251722958	0.261114356
20230512	25	0.398438074	0.27168904	0.222360894	0.161615335	0.200498868	0.227332	0.246556004	0.253065035
20230511	25	0.389484088	0.272233001	0.214872415	0.165580481	0.210900514	0.230279876	0.24526613	0.25574767
20230510	25	0.551364044	0.388652463	0.306377325	0.224773221	0.272041061	0.299735311	0.305810093	0.292105253
20230509	25	0.587174542	0.408032085	0.334193615	0.243108992	0.291020065	0.304932968	0.331269256	0.346003068
20230508	25	0.589066237	0.414368979	0.33515471	0.242919311	0.28284822	0.309089239	0.317748669	0.346259961
20230505	25	0.598478379	0.407927286	0.33439593	0.245855029	0.301146557	0.308105912	0.321720104	0.337862791
20230504	25	0.609524856	0.420645704	0.344839722	0.253282462	0.32091319	0.321290321	0.325062202	0.358967993
20230503	25	0.613378251	0.407438562	0.33943138	0.258047823	0.320655516	0.311719179	0.326540788	0.357411414
20230502	25	0.750235265	0.519851306	0.401261724	0.282884927	0.31099953	0.311889267	0.322712539	0.334957996
20230428	25	0.719757309	0.50486216	0.407053746	0.288368072	0.312724595	0.322165922	0.3290669	0.338473181
20230427	25	0.733317823	0.506426487	0.401964436	0.287664557	0.312196058	0.321346869	0.31957391	0.341774342
20230426	25	0.754065002	0.522005121	0.414988795	0.291687328	0.31324154	0.313134331	0.32185435	0.328392778
20230425	25	0.764646007	0.519949742	0.404984283	0.296170152	0.320576676	0.323095396	0.323857934	0.323569942
20230424	25	0.770014617	0.505116089	0.416957999	0.288831767	0.320044632	0.320264336	0.329154284	0.33267463
20230421	25	0.672448316	0.470060639	0.376551554	0.271823591	0.294975889	0.293578052	0.306444439	0.325999547
20230420	25	0.66561454	0.463006188	0.381688049	0.269766794	0.290381294	0.285824106	0.311610653	0.333200312
20230419	25	0.667972289	0.45409132	0.368582416	0.26418946	0.293244353	0.29092435	0.324103992	0.394096408
20230418	25	0.573811294	0.400902141	0.322609317	0.229731437	0.257076941	0.266909655	0.285469455	0.288956539
20230417	25	0.582257226	0.396325318	0.319758167	0.232340591	0.253402565	0.273797048	0.287094761	0.286919709
20230414	25	0.580636022	0.399013296	0.312434638	0.226140744	0.254580211	0.252251817	0.280786833	0.329432034
20230413	25	0.581331226	0.395045222	0.313729884	0.224080789	0.252894974	0.249287113	0.281300101	0.331068743
20230412	25	0.559262805	0.395992995	0.31141633	0.227182727	0.254730702	0.248993113	0.28640128	0.334593442
20230411	25	0.560464403	0.390899804	0.314318004	0.221521803	0.24749909	0.254374617	0.281678469	0.329177817
20230410	25	0.562929236	0.388334671	0.31363485	0.224368931	0.251018459	0.259519539	0.280340818	0.326864752
20230405	25	0.580145761	0.382902116	0.316541208	0.222009824	0.25095254	0.242637721	0.282011683	0.339474094
20230404	25	0.560749057	0.373056797	0.300317871	0.223315735	0.247077037	0.254298629	0.282081293	0.326326686
20230403	25	0.554717009	0.379782096	0.31054893	0.22763087	0.245855692	0.251933061	0.287504614	0.327680626
20230331	25	0.555442553	0.372790175	0.298617584	0.225359266	0.244853673	0.254224803	0.276857394	0.325022798
20230330	25	0.49515878	0.355911616	0.280276519	0.205063221	0.247522351	0.250460053	0.278614335	0.319253794
20230329	25	0.510423304	0.363735041	0.283911464	0.209765618	0.245685289	0.255406389	0.28272801	0.309415996
20230328	25	0.501230274	0.349256871	0.286129392	0.210726395	0.246874508	0.250219779	0.278722099	0.315572051
20230327	25	0.506777265	0.347653301	0.280187679	0.209485772	0.249215356	0.248633516	0.281522351	0.338245463
20230324	25	0.513167171	0.347672554	0.276867337	0.212045623	0.242458651	0.246325531	0.253863146	0.286540969
20230323	25	0.515798987	0.346309226	0.282070747	0.210245305	0.240793738	0.251251888	0.258115832	0.27911304
20230322	25	0.516864326	0.349055552	0.284101386	0.210345386	0.252193505	0.255839238	0.2542752	0.282591398
20230321	25	0.503135613	0.357802707	0.279394565	0.208496505	0.245400382	0.250621755	0.255818267	0.286142781
20230317	25	0.46636488	0.330653791	0.266111876	0.198975654	0.238245351	0.235959441	0.260843345	0.290854655
20230316	25	0.429290772	0.300772104	0.245438389	0.185181344	0.228851436	0.233510309	0.260714055	0.305091213
20230315	25	0.436704471	0.301623645	0.245112797	0.188344425	0.235616781	0.237884214	0.25345031	0.305485233
20230314	25	0.41903722	0.291340497	0.239785093	0.189372202	0.232222492	0.239686801	0.254967397	0.304734687
20230313	25	0.442796541	0.308083335	0.246164309	0.182051149	0.222576009	0.240497535	0.262352374	0.292768828
20230310	25	0.403680747	0.272480849	0.213786933	0.172641039	0.219631585	0.228905148	0.260955436	0.303091084
20230309	25	0.386175939	0.269328556	0.220015046	0.17306481	0.215727512	0.234897309	0.252534421	0.302873546
20230308	25	0.388363212	0.273470932	0.220042115	0.171256579	0.22591688	0.221105003	0.257013198	0.324444269
20230307	25	0.397722676	0.266732208	0.217859947	0.16890099	0.223669496	0.227903721	0.255822203	0.317250819
20230306	25	0.423653488	0.284844658	0.24291698	0.176360355	0.230173171	0.232461865	0.262052693	0.314078557
20230303	25	0.396148587	0.269553371	0.222336927	0.164121218	0.206849719	0.231042663	0.257627524	0.284824964
20230302	25	0.408351065	0.286635286	0.230732296	0.16209618	0.20218596	0.238956027	0.265147348	0.274761824
20230301	25	0.472946466	0.318502817	0.254748825	0.190074426	0.220278491	0.23849344	0.270343916	0.30486678
20230228	25	0.510086842	0.35372699	0.289444298	0.20934005	0.226183863	0.244688881	0.269829115	0.308686945
20230227	25	0.533360687	0.361827487	0.283121326	0.207147173	0.22608093	0.237064859	0.270483914	0.296187789
20230224	25	0.497292664	0.342291731	0.273806859	0.198377862	0.225985407	0.235751431	0.265749921	0.284080566
20230223	25	0.218777333	0.151070624	0.128076091	0.112915061	0.188690651	0.207276945	0.235086137	0.300556495
20230222	25	0.214351558	0.144559574	0.125332736	0.115764704	0.185904205	0.210713887	0.232387545	0.292729081
20230221	25	0.210754082	0.139819802	0.121672303	0.106622272	0.181414841	0.20856331	0.241538102	0.268030757
20230220	25	0.197047834	0.138198297	0.112323644	0.0976602749	0.155484881	0.202892539	0.234665816	0.262645286
20230217	25	0.21713784	0.151990294	0.125122731	0.103656917	0.164618806	0.192987718	0.223777031	0.256555416
20230216	25	0.206265705	0.142070608	0.117959336	0.103821891	0.170579423	0.196552619	0.22341497	0.262925574
20230215	25	0.21102051	0.140952136	0.118451166	0.104270717	0.170538381	0.194856808	0.22324527	0.251225842
20230214	25	0.190001735	0.131504482	0.112865658	0.102942271	0.180061216	0.196213505	0.206298207	0.245738888
20230213	25	0.210544117	0.144308026	0.120688502	0.103944291	0.16004404	0.178436943	0.205016053	0.240988891
20230210	25	0.198714113	0.139808732	0.118270558	0.100107276	0.159429529	0.174941115	0.199525767	0.23878955
20230209	25	0.224018961	0.152516056	0.1281213	0.0999159012	0.148706711	0.175411021	0.187052045	0.182588968
20230208	25	0.226665868	0.156952936	0.124180101	0.101340355	0.145729845	0.173457013	0.187947098	0.189786333
20230207	25	0.227802041	0.152575855	0.12754153	0.103366267	0.1434941	0.177215399	0.185333328	0.185340654
20230203	25	0.232131302	0.151230952	0.126797961	0.0985757873	0.141084517	0.175241095	0.187638448	0.183268822
20230202	25	0.233548279	0.157401907	0.128308775	0.0978949827	0.132571038	0.166314102	0.176509012	0.176168469
20230201	25	0.239237939	0.157413351	0.12792822	0.0995153037	0.131863223	0.166727761	0.175622405	0.172689952
20230131	25	0.226230584	0.156865531	0.129638127	0.0968274014	0.133276572	0.165994559	0.181778141	0.175738844
20230130	25	0.225855595	0.158745399	0.130480179	0.0984255049	0.133564678	0.169379513	0.181451761	0.176113675
20230127	25	0.235719704	0.165331	0.131895979	0.101283687	0.13307154	0.173506129	0.177445212	0.172739238
20230126	25	0.258051569	0.174973397	0.138252327	0.0964576913	0.120034021	0.156717376	0.176281254	0.158070912
20230125	25	0.257593371	0.175300558	0.141842367	0.105510322	0.135976854	0.176072338	0.18667742	0.169897248
20230124	25	0.254604734	0.170111788	0.135000782	0.102192684	0.137434025	0.171235203	0.187912071	0.180940985
20230123	25	0.243546201	0.164064496	0.135598687	0.103315471	0.140419788	0.175730386	0.194330148	0.201251302
20230120	25	0.296648664	0.201241084	0.157100308	0.121257781	0.159993422	0.18487285	0.194021186	0.194628049
20230119	25	0.298543149	0.194798522	0.163980758	0.1247237	0.161126212	0.187724264	0.192840397	0.194819996
20230118	25	0.29181506	0.19335755	0.160250214	0.12934526	0.156439066	0.179880971	0.192405917	0.206530614
20230117	25	0.312394784	0.213170161	0.168657722	0.123101334	0.148415118	0.183211693	0.194534117	0.190786525
20230116	25	0.30714581	0.212677103	0.170252109	0.123141212	0.149624636	0.183188809	0.201623949	0.190013996
20230113	25	0.310143818	0.212182369	0.16924664	0.122629077	0.14911257	0.181254097	0.198248901	0.185607792
20230112	25	0.277166289	0.190632295	0.15892956	0.121835367	0.165584007	0.189338235	0.196831241	0.209254968
20230111	25	0.278019331	0.186016991	0.156078704	0.1237107	0.164341753	0.186583444	0.198674492	0.206214441
20230110	25	0.268059914	0.189833186	0.156211103	0.121465757	0.165845209	0.186490834	0.197873383	0.206257941
20230109	25	0.272142444	0.189570086	0.155599991	0.118884165	0.171264833	0.191250758	0.203428423	0.221436317
20230106	25	0.291627418	0.20491391	0.166230692	0.122069173	0.154739802	0.184405645	0.211467568	0.224042258
20230105	25	0.293070848	0.196572861	0.16536192	0.124216582	0.161952189	0.177111322	0.219521116	0.25393447
20230104	25	0.353292376	0.240687742	0.195122223	0.140344553	0.159509675	0.188583785	0.226255523	0.235742241
20230103	25	0.342319057	0.2372412	0.189839478	0.144823501	0.174348482	0.185153556	0.240249196	0.269282978
20230102	25	0.342413161	0.228591517	0.186632654	0.139687491	0.174617849	0.201193509	0.231854731	0.243894701
20221230	25	0.341988337	0.23886608	0.187095172	0.138830978	0.169847203	0.200038481	0.238715272	0.258585241
20221229	25	0.346515492	0.234319322	0.187717696	0.141079758	0.166336665	0.204632495	0.237389186	0.251924515
20221228	25	0.37669781	0.253777496	0.202098587	0.141077037	0.154167152	0.200553676	0.235560133	0.228563855
20221227	25	0.373990769	0.270834759	0.212721093	0.149872328	0.173853782	0.217333213	0.243134876	0.249299675
20221226	25	0.384919027	0.258751457	0.210229909	0.149885216	0.175501057	0.212080775	0.24373616	0.240989376
20221223	25	0.390194353	0.261150205	0.208920176	0.148441336	0.176897144	0.221380378	0.247844755	0.24237013
20221222	25	0.381797909	0.261292365	0.208966102	0.154371555	0.184654016	0.223220963	0.246315905	0.247130805
20221221	25	0.373176871	0.254632355	0.208603193	0.158402505	0.210395877	0.227859496	0.246610764	0.259431012
20221220	25	0.390720204	0.262350192	0.218254859	0.161976959	0.2086987	0.233879801	0.248348455	0.275696462
20221219	25	0.382561269	0.263666296	0.219706624	0.164427461	0.205133866	0.232160481	0.253467381	0.267622665
20221216	25	0.391126101	0.263872376	0.213044796	0.159652048	0.211420747	0.22892884	0.250188449	0.269504203
20221215	25	0.399234397	0.267459302	0.218168194	0.159088802	0.201904339	0.228051054	0.245135119	0.268363232
20221214	25	0.38927018	0.274732898	0.223982303	0.165008838	0.201352301	0.229960659	0.249187951	0.254586301
20221213	25	0.387406908	0.269356587	0.221832948	0.163459853	0.206712906	0.231525909	0.243226327	0.25382592
20221209	25	0.729331467	0.496054245	0.411848931	0.283759351	0.310812647	0.314279471	0.321374795	0.318122737
20221208	25	0.680642093	0.4658541	0.373737553	0.262462987	0.28710969	0.305382832	0.317313028	0.319524994
20221207	25	0.674371986	0.44562423	0.38045972	0.266063854	0.294358415	0.2967337	0.317400845	0.33369499
20221206	25	0.662301758	0.464521298	0.3678193	0.266290073	0.293339402	0.299553282	0.331709146	0.394408058
20221205	25	0.590861871	0.398855737	0.323062527	0.229091004	0.249716096	0.266575342	0.283919434	0.28259649
20221202	25	0.590867201	0.401062128	0.326585766	0.22835933	0.256288987	0.274238951	0.284766026	0.283447701
20221201	25	0.56887209	0.388366883	0.3143916	0.230149757	0.253591949	0.25424265	0.2903711	0.32584453
20221130	25	0.55957559	0.393321478	0.3118332	0.231617627	0.254525765	0.255158302	0.286219318	0.336010325
20221129	25	0.553836978	0.392239204	0.307499809	0.227088099	0.251186306	0.252378851	0.283248216	0.329803235
20221128	25	0.565916641	0.387808671	0.31769541	0.222761293	0.251184499	0.258553909	0.281114868	0.334019124
20221125	25	0.554889745	0.391683702	0.316172639	0.223687717	0.252436361	0.252196783	0.282699688	0.331712109
20221124	25	0.580468793	0.38491428	0.310384005	0.231989909	0.246741562	0.260221396	0.285718536	0.332227238
20221123	25	0.535162049	0.381261756	0.311372581	0.21957761	0.250806091	0.247817559	0.282115542	0.333578596
20221122	25	0.544049349	0.379421607	0.307964703	0.2242019	0.254101496	0.253938241	0.275713111	0.328168723
20221118	25	0.548358568	0.374332727	0.297671267	0.225228078	0.248372044	0.25546595	0.271628582	0.318955722
20221117	25	0.513553597	0.355628381	0.285967116	0.210627838	0.244515358	0.243800318	0.283414157	0.320094315
20221116	25	0.503776589	0.35117001	0.285575566	0.206926113	0.248392077	0.250682291	0.278065651	0.312316901
20221115	25	0.522303044	0.345580464	0.278700735	0.211144647	0.248607437	0.247664587	0.271670475	0.332681593
20221114	25	0.505838631	0.343286701	0.27833871	0.208240496	0.244178325	0.247127843	0.277121026	0.330400965
20221111	25	0.497356219	0.345956523	0.278409894	0.210845118	0.240941181	0.247519445	0.252561519	0.29113828
20221110	25	0.518609231	0.355448679	0.277898274	0.206083172	0.24776749	0.248698378	0.252175799	0.274103926
20221109	25	0.495805932	0.353653616	0.281604064	0.214167349	0.241576045	0.246374387	0.255374421	0.286081958
20221108	25	0.509836802	0.343405891	0.283235223	0.210513435	0.247142914	0.248136791	0.258379054	0.279877949
20221107	25	0.474373951	0.331124559	0.271464238	0.199042215	0.235894922	0.232073738	0.252646068	0.296303505
20221104	25	0.424402748	0.296134808	0.243386492	0.188079248	0.230431239	0.237135948	0.256561974	0.301055143
20221103	25	0.43281565	0.290646649	0.246237363	0.178402651	0.232084737	0.23584843	0.262594487	0.306856925
20221101	25	0.433718987	0.303163771	0.24972886	0.187919838	0.232820586	0.238998053	0.26254385	0.305962988
20221031	25	0.452859631	0.300924458	0.246985472	0.178162708	0.220875824	0.237940515	0.265213903	0.289462674
20221028	25	0.401649742	0.271146497	0.220121643	0.172188994	0.217525477	0.237886844	0.261638005	0.300147695
20221027	25	0.395169693	0.26745822	0.222447456	0.173210869	0.22417364	0.2383496	0.264614838	0.299202883
20221026	25	0.384056635	0.259758597	0.214845348	0.17038478	0.220713607	0.228284344	0.252176523	0.319017203
20221025	25	0.395107256	0.263742308	0.223478295	0.172464167	0.218636087	0.232616846	0.259805269	0.318330236
20221024	25	0.41893478	0.290749664	0.237865091	0.182292202	0.220071058	0.223697508	0.255297899	0.317377202
20221021	25	0.404772694	0.26950985	0.219449909	0.165320187	0.19821944	0.22906133	0.25084108	0.285494336
20221020	25	0.414401704	0.27894803	0.231905478	0.165467057	0.201779481	0.240284982	0.265128343	0.273234153
20221019	25	0.449809663	0.323933691	0.259995146	0.187467745	0.225195874	0.240469376	0.274878954	0.309634342
20221018	25	0.520703511	0.353530171	0.288937578	0.206002436	0.229418045	0.231086942	0.269809541	0.300099081
20221017	25	0.517615137	0.368258268	0.289312083	0.201649943	0.223253184	0.242336815	0.266289932	0.306192276
20221014	25	0.509511956	0.347429931	0.268164052	0.198427764	0.222391729	0.236929387	0.260395176	0.284205299
20221013	25	0.224473326	0.145451699	0.12975661	0.113039019	0.186832571	0.206232974	0.237838972	0.29813702
20221012	25	0.221423592	0.143937451	0.130545579	0.112275544	0.185687529	0.209504031	0.242844346	0.288446394
20221011	25	0.210771036	0.142805533	0.12060295	0.106450256	0.181604104	0.204803188	0.228374011	0.276241333
20221010	25	0.2019572	0.141272082	0.115682971	0.0993124845	0.156102951	0.20142159	0.233246704	0.266684255
20221007	25	0.215210425	0.146924403	0.121847016	0.105139549	0.165763644	0.193789809	0.226473804	0.267812933
20221006	25	0.203090381	0.139304312	0.115969852	0.104049315	0.168131603	0.194297281	0.228765954	0.266502347
20221005	25	0.210581712	0.138710601	0.120469651	0.103692093	0.165171202	0.193399992	0.215976524	0.253240067
20221004	25	0.188016882	0.129185269	0.111604272	0.105056701	0.170865014	0.196919243	0.206859457	0.248292637
20221003	25	0.210004708	0.136511742	0.121347787	0.102387558	0.160328665	0.181512735	0.202275939	0.236005569
20220930	25	0.204946536	0.135195274	0.115896366	0.100645026	0.152350239	0.175689144	0.192962581	0.24127078
20220929	25	0.229701018	0.154231845	0.124854528	0.100335363	0.145201551	0.176579757	0.184769719	0.176682248
20220928	25	0.226816407	0.152611683	0.124311665	0.102762934	0.145339874	0.174820358	0.187033028	0.181628877
20230929	40	0.508038624	0.357967193	0.292072605	0.220780109	0.260732213	0.282197094	0.289535547	0.281621669
20230928	40	0.532515879	0.364901226	0.308453626	0.228198396	0.267357954	0.284879213	0.30944969	0.339954749
20230927	40	0.524412061	0.373298734	0.301887938	0.225655363	0.271354834	0.282499048	0.306789598	0.333610477
20230926	40	0.51887593	0.373227424	0.300157106	0.225072481	0.272596731	0.296165126	0.301629096	0.331501808
20230925	40	0.5361884	0.379948155	0.314775588	0.244134465	0.300222723	0.311434641	0.307717927	0.339323862
20230922	40	0.5433478	0.38414127	0.311032353	0.243874465	0.298245389	0.296384825	0.309899772	0.34756916
20230921	40	0.652510292	0.453288833	0.37283368	0.266702378	0.301289739	0.297722901	0.311160566	0.329499453
20230920	40	0.657489294	0.465682885	0.366388892	0.270296879	0.297001849	0.306928953	0.307582318	0.331371988
20230919	40	0.66281889	0.452961998	0.367192323	0.262691702	0.29390919	0.305157137	0.310503374	0.319737223
20230918	40	0.663231454	0.456030739	0.371454998	0.269376265	0.295055626	0.308426803	0.312813674	0.317432153
20230915	40	0.655455563	0.467712692	0.37347163	0.268984698	0.289209029	0.290989651	0.305260841	0.316826991
20230914	40	0.650873707	0.468004523	0.376508722	0.276058824	0.299870803	0.308471828	0.308838542	0.328273534
20230913	40	0.600382395	0.417121086	0.332293099	0.245679876	0.273173659	0.283076843	0.306342919	0.311140935
20230912	40	0.587806987	0.41883723	0.354600209	0.24635979	0.281290236	0.272204293	0.299395327	0.32157061
20230911	40	0.584114161	0.417105143	0.331136462	0.245343922	0.291202149	0.286388448	0.308338095	0.376369431
20230908	40	0.515034854	0.361732478	0.296473125	0.209889096	0.240668284	0.256362582	0.273545449	0.280488571
20230907	40	0.507076548	0.359254964	0.29203064	0.215139876	0.237805314	0.264673888	0.275606634	0.27181744
20230906	40	0.500293834	0.344966067	0.291038423	0.213691809	0.237959846	0.242121904	0.271140592	0.315741228
20230905	40	0.502858077	0.355677123	0.296177427	0.216115676	0.231350487	0.242242174	0.276803868	0.316620665
20230904	40	0.487766187	0.349992721	0.293292837	0.212041202	0.242036204	0.240655322	0.263493816	0.315902086
20230901	40	0.500834578	0.363422675	0.290211646	0.205564207	0.236092193	0.236400622	0.272339592	0.314999824
20230831	40	0.485716073	0.35508493	0.284676739	0.210340852	0.235528879	0.23859692	0.269543392	0.32631678
20230830	40	0.495205369	0.355417473	0.29180662	0.212183616	0.237921496	0.236677812	0.272819096	0.321117609
20230829	40	0.494177786	0.334786747	0.275004211	0.208937301	0.240070975	0.242041859	0.266786809	0.318514749
20230828	40	0.501615683	0.344834624	0.280447976	0.2071208	0.239343106	0.240986686	0.275197573	0.319699778
20230825	40	0.49927613	0.342269888	0.28753056	0.210479907	0.238309988	0.241178806	0.262624545	0.323525451
20230824	40	0.446111932	0.327985077	0.259887242	0.197372779	0.237894843	0.238699054	0.260838663	0.305732587
20230823	40	0.455302045	0.324186424	0.25399618	0.19507125	0.232407185	0.234495992	0.269454418	0.306599431
20230822	40	0.447083431	0.320775608	0.26423821	0.19374743	0.228394311	0.239327973	0.274185107	0.314833521
20230821	40	0.454348903	0.316246399	0.263019857	0.199801869	0.231548284	0.234423811	0.256762032	0.322097016
20230818	40	0.444840152	0.320200781	0.257178721	0.193722821	0.232185797	0.228633082	0.235298901	0.275664621
20230817	40	0.447020495	0.322636509	0.269407541	0.198522303	0.233121576	0.234317502	0.243673582	0.277992482
20230816	40	0.457134451	0.322580174	0.26766151	0.198788467	0.235413619	0.233380751	0.245385272	0.269227654
20230815	40	0.455611636	0.324693349	0.259341037	0.191424161	0.233797799	0.232742284	0.245768838	0.268992666
20230814	40	0.431131933	0.292339371	0.241696729	0.187950933	0.218042538	0.22468998	0.233860058	0.287754233
20230811	40	0.385435078	0.272297493	0.232484264	0.174852924	0.223367623	0.221990458	0.247809138	0.291735079
20230810	40	0.373314852	0.272783168	0.229103525	0.175263236	0.221092765	0.228625387	0.244779253	0.287288959
20230809	40	0.391722601	0.271517626	0.222896085	0.174004363	0.223001554	0.224566705	0.25052376	0.294292341
20230808	40	0.391126755	0.280048196	0.228932998	0.175252736	0.208281856	0.228948285	0.249207047	0.271427649
20230807	40	0.349414715	0.246695972	0.207801751	0.161853864	0.209161505	0.21870916	0.248059616	0.286853957
20230804	40	0.348700782	0.247493222	0.217040523	0.168162002	0.212503039	0.222609474	0.255483202	0.287455293
20230803	40	0.338178928	0.236517504	0.202646451	0.162256575	0.209762819	0.214865784	0.244365667	0.300926249
20230802	40	0.352793689	0.243562367	0.201453463	0.166491897	0.209682873	0.219148993	0.259885711	0.309711693
20230801	40	0.387084041	0.268132182	0.227556932	0.170284137	0.211456506	0.219816946	0.247134028	0.288368008
20230731	40	0.364056441	0.253093438	0.203607592	0.15441272	0.192792498	0.222069198	0.245834943	0.269677891
20230728	40	0.372943378	0.26295334	0.214669905	0.158469153	0.191943589	0.224984041	0.258797299	0.272291206
20230727	40	0.407831892	0.28765538	0.239936537	0.176919807	0.215954943	0.223205887	0.257093288	0.290484634
20230726	40	0.473598375	0.326518867	0.263734193	0.186826782	0.214754832	0.223304549	0.258505098	0.295657814
20230725	40	0.478613549	0.32368031	0.263125745	0.190889093	0.211775365	0.223310394	0.255250434	0.282635947
20230724	40	0.439183704	0.311980906	0.257565543	0.189090404	0.212037915	0.226478664	0.249312653	0.27681775
20230721	40	0.197255102	0.13700788	0.118045639	0.108761414	0.175704929	0.198146341	0.227864197	0.287632953
20230720	40	0.199526601	0.137800814	0.122791584	0.107242227	0.177991951	0.199236978	0.229052102	0.277689033
20230719	40	0.189531301	0.133394767	0.113412871	0.102089817	0.172296348	0.195255694	0.232558251	0.258182011
20230718	40	0.185840078	0.124804571	0.108483934	0.0910475771	0.152677255	0.192288212	0.227864498	0.251374432
20230717	40	0.191795776	0.134254832	0.116062854	0.0975337059	0.152880504	0.182017344	0.217690779	0.252880788
20230714	40	0.189316697	0.130830698	0.113068067	0.0987083589	0.159101274	0.184652856	0.216591347	0.260179772
20230713	40	0.185298482	0.127986372	0.111183331	0.0999917463	0.162541316	0.184164256	0.2088199	0.245500719
20230712	40	0.175411325	0.120369821	0.103555937	0.100213418	0.166777952	0.188858969	0.202268871	0.235866723
20230711	40	0.192640656	0.130403351	0.110670023	0.0982884127	0.152011008	0.172104471	0.194999195	0.236280159
20230710	40	0.177529517	0.125289564	0.109772779	0.0960315764	0.144723058	0.166986743	0.193049157	0.231309071
20230707	40	0.202992031	0.137904149	0.119059572	0.0947083544	0.139214957	0.169857061	0.174119087	0.175262692
20230706	40	0.203899653	0.141070884	0.120440251	0.0975324362	0.139612685	0.16893947	0.183817327	0.175166487
20230705	40	0.203355752	0.143835821	0.118195415	0.0970438113	0.132667794	0.168692549	0.178672486	0.186184198
20230704	40	0.199496578	0.142741976	0.118732445	0.0973854799	0.136477341	0.168294776	0.180821512	0.179426409
20230703	40	0.205901192	0.14742162	0.117325096	0.0928031937	0.130817532	0.159634609	0.172869426	0.166084588
20230630	40	0.209076819	0.144707687	0.120278057	0.0912097225	0.133094572	0.160302919	0.170770718	0.167073616
20230629	40	0.206418756	0.143452742	0.11858524	0.0928913436	0.126380215	0.161413618	0.170922132	0.167686842
20230628	40	0.20154897	0.146688835	0.122220923	0.0908692521	0.126061443	0.161038407	0.170848238	0.16961608
20230627	40	0.214614964	0.147173029	0.120250626	0.092812525	0.123434552	0.159457051	0.180210593	0.166796364
20230626	40	0.231081764	0.16520757	0.127511825	0.0908733229	0.114032422	0.150869745	0.171897059	0.148854177
20230623	40	0.22751921	0.159757766	0.129613272	0.098701494	0.131496076	0.164513141	0.182725268	0.170548043
20230622	40	0.225130302	0.162649029	0.130325328	0.0953629634	0.133229089	0.166786695	0.1871284	0.170395024
20230621	40	0.219837803	0.150801557	0.12313769	0.0978199124	0.137485172	0.166434519	0.18488678	0.191152402
20230620	40	0.263172491	0.184108868	0.152352381	0.113787033	0.149539742	0.177647377	0.184161343	0.189833997
20230619	40	0.254871184	0.183146272	0.151727865	0.115094737	0.149559593	0.174502669	0.185176771	0.188556692
20230616	40	0.258547255	0.185582194	0.151374783	0.111807361	0.15007959	0.1739211	0.189079353	0.199226653
20230615	40	0.280564864	0.192934335	0.160214659	0.116903166	0.144093462	0.173396578	0.189462752	0.183534582
20230614	40	0.273520749	0.195718705	0.158498106	0.11382179	0.141196757	0.172068721	0.191134906	0.184111054
20230613	40	0.271910273	0.196427103	0.162517445	0.116878226	0.138640255	0.173549151	0.19270714	0.183130507
20230612	40	0.25176907	0.174775112	0.147877629	0.116671917	0.158699977	0.176269041	0.188516815	0.199398928
20230609	40	0.248099821	0.181250816	0.145201496	0.118889331	0.156855112	0.178320857	0.188379863	0.199528751
20230608	40	0.249219965	0.180069925	0.147345914	0.113925573	0.15876357	0.177601867	0.190939537	0.195765204
20230607	40	0.255627908	0.177721815	0.146029744	0.115654377	0.159921444	0.179276088	0.199440043	0.212470495
20230606	40	0.267219665	0.186072547	0.148544801	0.118598827	0.150520157	0.175260056	0.193957346	0.21681513
20230605	40	0.266987586	0.184528392	0.151942383	0.120188657	0.152630655	0.17138962	0.207306997	0.253460632
20230602	40	0.320433303	0.225959819	0.185465007	0.13204147	0.157260329	0.183760674	0.205846025	0.240936289
20230601	40	0.315794133	0.215021569	0.182475929	0.130864474	0.162805227	0.181193885	0.226996853	0.269492963
20230531	40	0.295450788	0.218163852	0.178326243	0.133588454	0.163009167	0.195324044	0.220942039	0.232162014
20230530	40	0.308341868	0.206877507	0.172697693	0.128244896	0.163694265	0.188529676	0.226645726	0.245424952
20230529	40	0.306182358	0.217513308	0.171441556	0.131601333	0.160349638	0.19242225	0.225459565	0.242489718
20230526	40	0.341568824	0.230364179	0.186745762	0.130431489	0.151868553	0.193091522	0.228689245	0.218681105
20230525	40	0.347165092	0.245385222	0.196550402	0.13910031	0.165939061	0.204274203	0.237016593	0.240125939
20230524	40	0.339416102	0.236799784	0.19367018	0.140650223	0.165920693	0.207675388	0.231944994	0.233587149
20230523	40	0.343366242	0.240783766	0.194455435	0.144763121	0.170083546	0.213655788	0.236296235	0.230697247
20230522	40	0.352230125	0.247836269	0.199368811	0.145990195	0.17351113	0.208012995	0.240108997	0.2350866
20230519	40	0.334034709	0.235930249	0.192325524	0.149451003	0.188452856	0.217782754	0.238148017	0.253675375
20230518	40	0.345590598	0.245971203	0.201740065	0.154522999	0.195024973	0.226357101	0.238444697	0.257596854
20230517	40	0.338499403	0.243257934	0.205792419	0.154042633	0.198008672	0.216537377	0.24090905	0.255733015
20230516	40	0.343633052	0.23656516	0.198194764	0.153284625	0.19177028	0.217923523	0.23582837	0.256105109
20230515	40	0.359219207	0.248008767	0.205375162	0.156490675	0.191481829	0.220694733	0.238991295	0.255690974
20230512	40	0.350482524	0.25830478	0.20692827	0.149668173	0.194365308	0.214874643	0.240726478	0.243575279
20230511	40	0.351074027	0.241392256	0.200202556	0.158933155	0.194995058	0.217318706	0.226070241	0.247083757
20230510	40	0.491158052	0.338410321	0.29844539	0.213518309	0.260587092	0.291891445	0.288772835	0.277338853
20230509	40	0.517503007	0.368538771	0.296482188	0.229230644	0.272292559	0.292009245	0.304133474	0.325844683
20230508	40	0.515559848	0.364037998	0.305958929	0.226647118	0.278431954	0.291137005	0.305165749	0.331198256
20230505	40	0.510473951	0.370483587	0.299765755	0.219254577	0.274207138	0.289333537	0.31411065	0.323704879
20230504	40	0.556041888	0.380631993	0.307354682	0.246156808	0.303889673	0.305051179	0.309705228	0.343057976
20230503	40	0.527358277	0.387224087	0.317522363	0.241732424	0.294449392	0.302315813	0.309809092	0.344056847
20230502	40	0.640875702	0.457993822	0.365048623	0.262652269	0.301053221	0.297958489	0.298740736	0.331636216
20230428	40	0.660390977	0.46460514	0.366596208	0.274978943	0.298531099	0.29984073	0.308463775	0.317143879
20230427	40	0.654686376	0.455614143	0.3730199	0.276988072	0.307428224	0.296878226	0.308873121	0.323519887
20230426	40	0.669510477	0.462260247	0.377956479	0.272170985	0.293238077	0.30279383	0.305005954	0.316783147
20230425	40	0.649656746	0.452179143	0.36966897	0.263726293	0.29598362	0.296321058	0.313492548	0.32105504
20230424	40	0.65361427	0.454782466	0.380485442	0.273556639	0.292512268	0.302950029	0.307875162	0.315534355
20230421	40	0.583700797	0.427710806	0.345094418	0.240790979	0.275226131	0.278398811	0.303136119	0.313866871
20230420	40	0.570709726	0.42183054	0.342847707	0.24899191	0.278406571	0.280739449	0.292933864	0.323259739
20230419	40	0.573496947	0.411946777	0.33777796	0.255412279	0.278573499	0.269661704	0.32136001	0.374160699
20230418	40	0.516093872	0.360098084	0.300387319	0.209812025	0.236161125	0.25429457	0.263803039	0.270609583
20230417	40	0.506537384	0.368935221	0.296932277	0.2113243	0.23882272	0.255404076	0.268741423	0.270313174
20230414	40	0.50125438	0.354985732	0.294680489	0.214410844	0.236291897	0.241741811	0.2590811	0.319458576
20230413	40	0.498894272	0.355362682	0.292113524	0.212025922	0.243187932	0.239176931	0.273003411	0.312773505
20230412	40	0.518007956	0.353332285	0.288183884	0.209046796	0.23618596	0.241498655	0.275955344	0.314160474
20230411	40	0.49096869	0.353608852	0.292406501	0.21240354	0.240309596	0.236136883	0.26961659	0.316094864
20230410	40	0.501119005	0.35655821	0.286943594	0.209089755	0.238509693	0.235536179	0.274200187	0.33052534
20230405	40	0.496950189	0.352169445	0.288690194	0.212055904	0.232488634	0.245510997	0.279219339	0.328102609
20230404	40	0.482754999	0.352002764	0.277469679	0.206167889	0.239376463	0.242651693	0.266093716	0.318735993
20230403	40	0.488538858	0.338671437	0.279484057	0.206644168	0.236712139	0.246329175	0.274692771	0.322709144
20230331	40	0.491349543	0.339369214	0.276699304	0.21058371	0.238057607	0.23718546	0.262304005	0.315317892
20230330	40	0.444735458	0.314632816	0.26674689	0.195962234	0.229290185	0.240506048	0.270996056	0.307688343
20230329	40	0.452322852	0.315833971	0.261714556	0.195775407	0.226608544	0.239230803	0.268172121	0.316866852
20230328	40	0.45182611	0.314928337	0.263045622	0.199917771	0.229959698	0.233292128	0.271263687	0.306020765
20230327	40	0.464805503	0.324249022	0.263912623	0.199399978	0.236122769	0.237759324	0.26347861	0.318243163
20230324	40	0.443856838	0.323291854	0.265806885	0.193882981	0.23230968	0.233584409	0.246259548	0.268577617
20230323	40	0.462677301	0.309587127	0.262214502	0.198420303	0.237190557	0.230975796	0.245125837	0.27094666
20230322	40	0.447060215	0.314883432	0.258382735	0.196979003	0.230887979	0.232978219	0.236912528	0.274903502
20230321	40	0.454499959	0.312325744	0.259435527	0.199803572	0.234617677	0.227819313	0.248054931	0.277273708
20230317	40	0.430659833	0.298852058	0.242025943	0.187710166	0.219404258	0.226857751	0.243360037	0.295230402
20230316	40	0.386556129	0.271543671	0.220566102	0.174505887	0.217481709	0.227664996	0.24719777	0.287740988
20230315	40	0.378189428	0.265180083	0.223112347	0.173431314	0.221884228	0.223521373	0.252521287	0.286701775
20230314	40	0.380604341	0.273133001	0.221619199	0.17444748	0.216026982	0.230174122	0.25307957	0.288826737
20230313	40	0.398493652	0.272205914	0.225250429	0.173312462	0.20816977	0.229970575	0.247873499	0.283651066
20230310	40	0.364226053	0.245046524	0.201116805	0.159774927	0.206232295	0.222478493	0.241511564	0.27947834
20230309	40	0.352969123	0.241568038	0.206048849	0.15941671	0.20156763	0.219133685	0.255263906	0.294345051
20230308	40	0.345990487	0.240122191	0.197573098	0.162121282	0.207931329	0.216108647	0.250868934	0.29987086
20230307	40	0.350759935	0.243748052	0.201575224	0.1598762	0.209851344	0.217195061	0.24611962	0.311728954
20230306	40	0.376420138	0.268648876	0.226907088	0.172074043	0.212946228	0.217436964	0.250990509	0.293475255
20230303	40	0.36348776	0.250916632	0.203637314	0.155432249	0.189347562	0.21685225	0.255405097	0.273285203
20230302	40	0.377624764	0.270635896	0.219300889	0.159501246	0.189726463	0.224118513	0.262678648	0.282338829
20230301	40	0.413216115	0.286961652	0.237473085	0.178591918	0.215015066	0.226054294	0.256977123	0.288182654
20230228	40	0.469839057	0.328425281	0.266975236	0.194037841	0.216431628	0.224862643	0.260690716	0.289913256
20230227	40	0.461811439	0.328430347	0.268638377	0.197379367	0.214683322	0.224248387	0.258341607	0.287269175
20230224	40	0.441942497	0.310405216	0.258939213	0.188058408	0.210433787	0.228931957	0.257106355	0.271045961
20230223	40	0.199552525	0.133766575	0.121710478	0.107724891	0.176779372	0.20162716	0.231096064	0.293682514
20230222	40	0.203789332	0.132765668	0.119578024	0.108754021	0.175673725	0.197023896	0.233869135	0.278902985
20230221	40	0.185203401	0.12724749	0.114311882	0.103894402	0.168263286	0.197064731	0.223068604	0.273976368
20230220	40	0.182937716	0.125948912	0.10942571	0.0900612411	0.151975067	0.189082884	0.220296084	0.256967655
20230217	40	0.192742182	0.135206149	0.116099265	0.098673052	0.148270296	0.187737273	0.21621013	0.25070127
20230216	40	0.188093547	0.12888574	0.113340227	0.0997289958	0.161042926	0.187681049	0.21848289	0.259384174
20230215	40	0.189760507	0.127994167	0.113003783	0.0978358599	0.159138542	0.185777346	0.208623839	0.246966109
20230214	40	0.17863728	0.119185407	0.104625385	0.0984930086	0.165650454	0.183980163	0.199840515	0.232194708
20230213	40	0.190683498	0.127599269	0.112085937	0.0969537164	0.151606174	0.16968677	0.187848149	0.237385991
20230210	40	0.182865687	0.128043765	0.109364205	0.0950366642	0.150196582	0.167737196	0.18338397	0.231841305
20230209	40	0.20434014	0.137811776	0.118169351	0.0949203553	0.138604206	0.16603593	0.178962028	0.175613026
20230208	40	0.210704507	0.144591744	0.120931929	0.096436641	0.136244	0.166511234	0.180964735	0.18255904
20230207	40	0.203301654	0.141193972	0.117345243	0.0939571414	0.140735426	0.167844263	0.179313	0.181905507
20230203	40	0.20083023	0.141920686	0.118593725	0.0938327921	0.139671554	0.16738231	0.176500489	0.178743255
20230202	40	0.206798666	0.144679455	0.11982192	0.0929014907	0.127193448	0.159977288	0.174394363	0.171565218
20230201	40	0.202611857	0.143500106	0.1189375	0.0946188497	0.129053416	0.160981399	0.171622506	0.16571463
20230131	40	0.204027589	0.146978914	0.12072416	0.0910965575	0.124987339	0.162714236	0.174933612	0.174014791
20230130	40	0.205801274	0.145159124	0.119933089	0.0918041298	0.129389996	0.158637805	0.174666594	0.172965354
20230127	40	0.208603545	0.151585713	0.121140571	0.0918697764	0.125655889	0.162260737	0.16930394	0.16585011
20230126	40	0.227094594	0.163199787	0.129268255	0.0927352249	0.113912637	0.15256013	0.172830499	0.151039909
20230125	40	0.231136972	0.158013068	0.131500555	0.0967583993	0.128620266	0.165212545	0.177954667	0.167517883
20230124	40	0.226019594	0.159800415	0.131898643	0.101692823	0.130704382	0.168612119	0.181131001	0.167660998
20230123	40	0.215601197	0.155964187	0.128339653	0.0971727653	0.139470334	0.166235715	0.187466846	0.196595338
20230120	40	0.263350682	0.178174915	0.14937659	0.11516224	0.148192701	0.175425243	0.18663091	0.18858342
20230119	40	0.260530916	0.182046965	0.151326253	0.115645162	0.147272198	0.173599484	0.18323748	0.192082481
20230118	40	0.262286406	0.184585871	0.150397818	0.115942345	0.151832078	0.175394083	0.191907104	0.202733229
20230117	40	0.274576518	0.202084168	0.156485554	0.119151424	0.144875447	0.175908928	0.187451001	0.182039673
20230116	40	0.282426913	0.194334599	0.162584683	0.114428094	0.140378478	0.173609462	0.194556073	0.18551518
20230113	40	0.276121286	0.188880149	0.160059615	0.114792194	0.140224526	0.174058329	0.190032875	0.183370051
20230112	40	0.243872837	0.171450018	0.14573	0.119879297	0.159517824	0.179356109	0.192492677	0.200023005
20230111	40	0.250543873	0.173424617	0.148421924	0.11617125	0.158634937	0.175699076	0.187906653	0.200330057
20230110	40	0.247908295	0.170052585	0.147912283	0.114490596	0.160571042	0.173306415	0.182570871	0.194138265
20230109	40	0.255386045	0.177206369	0.149247692	0.116563723	0.158539494	0.182198109	0.199017932	0.214159149
20230106	40	0.260907122	0.183968164	0.154235548	0.11581519	0.145994103	0.174444565	0.196870238	0.218352568
20230105	40	0.267585052	0.182886358	0.150731502	0.118850036	0.156199697	0.172503017	0.208092906	0.250912409
20230104	40	0.313303541	0.22209388	0.177524765	0.13899934	0.161436764	0.176453909	0.214227608	0.236190917
20230103	40	0.310919843	0.215511297	0.177086913	0.136264717	0.162294742	0.184114884	0.227280476	0.260417445
20230102	40	0.310005278	0.212145594	0.178504969	0.13319028	0.162809725	0.196318139	0.2203307	0.238028412
20221230	40	0.291564933	0.212780843	0.176865605	0.126761852	0.162894502	0.186140845	0.223050138	0.238291022
20221229	40	0.304177599	0.210595046	0.178253346	0.129244879	0.157424006	0.195520369	0.225043066	0.245546997
20221228	40	0.325880506	0.233405597	0.184113407	0.127195668	0.1491436	0.193005323	0.228539552	0.219553749
20221227	40	0.347886951	0.242242085	0.199787218	0.140986637	0.170274243	0.204043358	0.23549845	0.231924922
20221226	40	0.34535045	0.239210615	0.1913936	0.139106982	0.164446987	0.206070552	0.233728481	0.232116065
20221223	40	0.346641026	0.238431648	0.191879397	0.142672576	0.165624804	0.20834043	0.242743336	0.232183319
20221222	40	0.337897599	0.242961462	0.192888001	0.142893745	0.171531077	0.216679147	0.239540789	0.240450514
20221221	40	0.333293378	0.23594196	0.193433613	0.146269955	0.192806224	0.21885988	0.240057832	0.246626061
20221220	40	0.340213751	0.245291548	0.202248947	0.153987192	0.195284421	0.220997311	0.240737413	0.25560239
20221219	40	0.342407489	0.250996504	0.199559844	0.148708474	0.192898169	0.216781944	0.236227867	0.263841339
20221216	40	0.353935949	0.240185423	0.201741807	0.156744895	0.198734659	0.216437754	0.248610029	0.264989122
20221215	40	0.356621519	0.249840672	0.205344909	0.152336352	0.195918188	0.216177393	0.242765429	0.25582991
20221214	40	0.365748234	0.252305043	0.205786438	0.154010668	0.188831689	0.221071339	0.241251536	0.239966294
20221213	40	0.3514349	0.247862335	0.202773483	0.153381025	0.19750619	0.217425473	0.23035281	0.250775574
20221209	40	0.639915721	0.462642709	0.376208922	0.268947159	0.296756615	0.303689552	0.313904285	0.319090178
20221208	40	0.587146053	0.428257976	0.336376765	0.24460198	0.283345218	0.278231649	0.283939419	0.305325388
20221207	40	0.582413437	0.414438961	0.341310214	0.239731825	0.270896034	0.277014439	0.29278145	0.331830087
20221206	40	0.577928114	0.411229298	0.340596626	0.247481197	0.279267684	0.278492335	0.322037493	0.36879357
20221205	40	0.503419186	0.359169676	0.295112869	0.208782402	0.238513635	0.262769585	0.271835714	0.276145907
20221202	40	0.516423385	0.360095598	0.290134896	0.208466493	0.234886916	0.258312483	0.274891628	0.27874829
20221201	40	0.509988412	0.351702529	0.30060058	0.215430655	0.238016283	0.248830122	0.269452647	0.311925641
20221130	40	0.499013521	0.353338465	0.288464514	0.211875197	0.240525037	0.23615327	0.272843141	0.311381698
20221129	40	0.499108014	0.352391224	0.291189882	0.203028372	0.241945456	0.240058166	0.267378742	0.317424997
20221128	40	0.499221786	0.356488155	0.289346397	0.21738457	0.23693247	0.239758536	0.273774053	0.31290583
20221125	40	0.496039778	0.348550782	0.279919493	0.212464369	0.243912095	0.238685586	0.276182783	0.315957389
20221124	40	0.508591122	0.352404133	0.292641837	0.212895185	0.239417367	0.244825069	0.267334111	0.313571156
20221123	40	0.483793075	0.346175452	0.279112639	0.208146341	0.235526019	0.237235216	0.269668131	0.319399809
20221122	40	0.47890436	0.345415979	0.281969789	0.213265562	0.244081832	0.240522298	0.273761574	0.309234616
20221118	40	0.48466725	0.331020281	0.278815549	0.207002476	0.240553442	0.241672923	0.260045589	0.316548783
20221117	40	0.445177598	0.309424748	0.266893437	0.198783901	0.229180664	0.236951514	0.271056485	0.308422069
20221116	40	0.464024224	0.318081471	0.260496046	0.195516532	0.236523715	0.244206041	0.272521712	0.30681152
20221115	40	0.461280861	0.325092802	0.261390379	0.205870645	0.230731781	0.239259745	0.265359098	0.307604177
20221114	40	0.441737206	0.316469866	0.259626118	0.199571387	0.228872671	0.232696321	0.267312612	0.326955071
20221111	40	0.448586769	0.318072124	0.257035916	0.196788728	0.227393673	0.231302327	0.244948967	0.272684878
20221110	40	0.443762998	0.319349188	0.265425493	0.196496656	0.227804043	0.242080967	0.242683069	0.268644383
20221109	40	0.457919265	0.313075048	0.260154877	0.200906386	0.230699172	0.230559928	0.247263735	0.276397325
20221108	40	0.448750389	0.316192995	0.268768531	0.193109886	0.234050895	0.233323391	0.244659898	0.272216807
20221107	40	0.419167395	0.295882343	0.248028036	0.190546417	0.220696709	0.218125203	0.240199969	0.285707738
20221104	40	0.387685783	0.270667571	0.222948035	0.172756604	0.220443086	0.218349884	0.250980494	0.296908051
20221103	40	0.386478379	0.271622785	0.223842621	0.174170174	0.215216768	0.226941519	0.248867078	0.28533496
20221101	40	0.383260135	0.270207813	0.221144078	0.170729043	0.21707425	0.228031306	0.248443588	0.292940421
20221031	40	0.400262405	0.275686065	0.227745875	0.176007077	0.207471375	0.226031658	0.251330767	0.274807554
20221028	40	0.35051406	0.24672639	0.199991584	0.161417775	0.212558444	0.223348911	0.250765878	0.285916658
20221027	40	0.356365038	0.25285276	0.212396217	0.158479245	0.206148373	0.227416204	0.246473241	0.287875288
20221026	40	0.344842181	0.246398905	0.197237341	0.16208984	0.217633994	0.217220645	0.245908306	0.309780561
20221025	40	0.356548478	0.248013633	0.207368111	0.157066856	0.213449194	0.214792859	0.245737971	0.308829505
20221024	40	0.376255689	0.26852795	0.216152506	0.167823028	0.208182175	0.214378624	0.245749249	0.295718358
20221021	40	0.354756447	0.24555866	0.202958694	0.158387883	0.194236036	0.220252915	0.245543008	0.271679171
20221020	40	0.367981623	0.259565474	0.217106635	0.157511564	0.191062631	0.225943613	0.257491752	0.271891863
20221019	40	0.403611904	0.287125457	0.2376407	0.175886516	0.20766041	0.22941102	0.266607548	0.299929299
20221018	40	0.449545506	0.328177488	0.261781842	0.194790474	0.210697462	0.22150952	0.260626476	0.294139913
20221017	40	0.46853876	0.328618607	0.267167858	0.189770671	0.213020818	0.221256737	0.259367121	0.290858032
20221014	40	0.44606478	0.307205905	0.261922723	0.183238528	0.211649135	0.224561077	0.252402586	0.281462198
20221013	40	0.197441578	0.134739373	0.116443292	0.111554735	0.17794474	0.200067644	0.234041202	0.288896428
20221012	40	0.19423238	0.135645794	0.120329349	0.109641727	0.179154699	0.198507989	0.23019483	0.278636248
20221011	40	0.188122266	0.132737764	0.112863118	0.0985960243	0.172428628	0.196929157	0.221175156	0.261481992
20221010	40	0.183284582	0.126215613	0.104609412	0.0914818503	0.149190759	0.187432313	0.224332406	0.252614449
20221007	40	0.193833379	0.133876619	0.113951137	0.0990203173	0.151254226	0.186477212	0.215710314	0.255519037
20221006	40	0.181497036	0.130424534	0.112105977	0.0986631117	0.159879377	0.188536397	0.218730836	0.254607165
20221005	40	0.193064639	0.127804057	0.11608055	0.0988290899	0.164959912	0.186091157	0.204311328	0.247119372
20221004	40	0.171787305	0.120015032	0.106547363	0.0986974289	0.168206912	0.182301356	0.197808181	0.238849683
20221003	40	0.183760174	0.125688318	0.115859109	0.0956783701	0.155017762	0.17337279	0.187859479	0.238147986
20220930	40	0.181984901	0.128543904	0.111307791	0.097454325	0.146293004	0.170725371	0.190694763	0.227088515
20220929	40	0.202271157	0.140066496	0.117425112	0.0955132842	0.142069698	0.167412103	0.17588325	0.170224443
20220928	40	0.201331489	0.14215466	0.116795696	0.0969963384	0.133598346	0.168131894	0.179617801	0.184232947
20230929	50	0.473855593	0.338084287	0.278505888	0.20913012	0.254962372	0.282728804	0.284190196	0.276754234
20230928	50	0.498241676	0.355386151	0.293616673	0.22172832	0.267610964	0.283711464	0.301348944	0.327484666
20230927	50	0.498207409	0.355359947	0.293602563	0.22172832	0.267610964	0.283711464	0.301348944	0.327478619
20230926	50	0.498086467	0.355268232	0.293549146	0.22172832	0.267610964	0.283711464	0.301348944	0.327592506
20230925	50	0.516773125	0.367749521	0.306443656	0.236443018	0.291396366	0.29479788	0.301348944	0.337481589
20230922	50	0.516084759	0.367215357	0.306123158	0.236443018	0.291774312	0.29479788	0.301348944	0.338234458
20230921	50	0.61143096	0.437982974	0.358231329	0.26204256	0.290766456	0.29479788	0.301348944	0.320980971
20230920	50	0.615162043	0.440750547	0.360271229	0.263050416	0.290766456	0.29479788	0.301348944	0.320364163
20230919	50	0.615209412	0.440786829	0.360291386	0.263050416	0.290766456	0.29479788	0.301348944	0.320295629
20230918	50	0.620450264	0.444860583	0.362738461	0.263050416	0.287742888	0.29479788	0.301348944	0.314503481
20230915	50	0.620523837	0.444917023	0.362770712	0.263050416	0.287742888	0.29479788	0.301348944	0.314426883
20230914	50	0.61692176	0.442246205	0.360787252	0.26204256	0.287742888	0.29479788	0.301348944	0.315135406
20230913	50	0.564796455	0.404604799	0.330557619	0.241280726	0.269198338	0.279176112	0.291169598	0.308385795
20230912	50	0.562046016	0.402519545	0.329359278	0.241280726	0.269198338	0.274439189	0.291169598	0.319969084
20230911	50	0.553867265	0.396245641	0.32547097	0.240877584	0.27212112	0.27212112	0.308958257	0.368448973
20230908	50	0.490166734	0.35127813	0.286191798	0.207618336	0.232814736	0.251964	0.266073984	0.271540595
20230907	50	0.490171773	0.351282162	0.286193813	0.207618336	0.232814736	0.251964	0.266073984	0.27171193
20230906	50	0.480753359	0.344140494	0.282090832	0.207618336	0.232814736	0.234830448	0.266073984	0.312939288
20230905	50	0.478908983	0.342771826	0.281079952	0.207114408	0.232814736	0.234830448	0.266073984	0.313215441
20230904	50	0.476877145	0.341262057	0.279987436	0.20661048	0.232814736	0.234830448	0.266073984	0.313227535
20230901	50	0.477801349	0.341979651	0.280417791	0.20661048	0.232310808	0.234830448	0.266073984	0.311580698
20230831	50	0.474111588	0.339243322	0.278396031	0.205602624	0.232310808	0.234830448	0.266073984	0.31274578
20230830	50	0.475013619	0.339943782	0.278816307	0.205602624	0.23180688	0.234830448	0.266073984	0.312267048
20230829	50	0.463943329	0.331734795	0.272752038	0.202579056	0.23180688	0.234830448	0.265570056	0.312810282
20230828	50	0.464059232	0.331822478	0.272802431	0.202579056	0.23180688	0.234830448	0.265570056	0.312349692
20230825	50	0.464033028	0.331804337	0.272780258	0.20255386	0.23180688	0.234830448	0.26204256	0.305504334
20230824	50	0.432463955	0.308707301	0.254767855	0.191517836	0.2267676	0.234830448	0.263050416	0.305016532
20230823	50	0.432297658	0.308581319	0.25469529	0.191517836	0.2267676	0.234830448	0.263050416	0.304400732
20230822	50	0.432018482	0.308369669	0.254573339	0.191517836	0.2267676	0.23432652	0.262974827	0.305968956
20230821	50	0.429538149	0.30648901	0.253492918	0.191517836	0.2267676	0.229791168	0.262974827	0.317226707
20230818	50	0.429724602	0.306631117	0.253574554	0.191517836	0.2267676	0.229791168	0.2393658	0.267856881
20230817	50	0.429691343	0.306604913	0.253559436	0.191517836	0.2267676	0.229791168	0.2393658	0.267688569
20230816	50	0.429690335	0.306604913	0.253559436	0.191517836	0.2267676	0.229791168	0.2393658	0.267811528
20230815	50	0.431501452	0.30801188	0.254404019	0.191517836	0.225734548	0.229740775	0.2393658	0.265798839
20230814	50	0.403915426	0.287955546	0.238790314	0.181716437	0.217797682	0.219511037	0.239567371	0.282089824
20230811	50	0.36813553	0.261672677	0.218515275	0.169823736	0.2141694	0.22172832	0.244909008	0.287311526
20230810	50	0.367988383	0.261561813	0.218450772	0.169823736	0.2141694	0.22172832	0.244909008	0.288195415
20230809	50	0.367922872	0.26151142	0.218422552	0.169823736	0.2141694	0.22172832	0.244909008	0.288657013
20230808	50	0.378211066	0.269706297	0.22277649	0.168311952	0.205098696	0.22172832	0.244909008	0.271875203
20230807	50	0.336182463	0.238513154	0.19993545	0.157275929	0.205048303	0.218704752	0.244909008	0.286018446
20230804	50	0.336027253	0.238395235	0.199867923	0.157275929	0.205048303	0.218704752	0.244909008	0.285064007
20230803	50	0.332269966	0.235546026	0.198231165	0.157275929	0.205048303	0.212204081	0.245160972	0.301840778
20230802	50	0.332308265	0.235575254	0.198247291	0.157275929	0.205048303	0.212204081	0.245160972	0.302447507
20230801	50	0.363551801	0.258741832	0.215377819	0.165842705	0.205048303	0.212204081	0.244909008	0.296872048
20230731	50	0.340434608	0.242692733	0.200237807	0.1511784	0.187461216	0.212153688	0.244909008	0.271625255
20230728	50	0.354790508	0.253423375	0.207525613	0.15369804	0.187511609	0.22172832	0.25350098	0.264468469
20230727	50	0.393489155	0.280935829	0.231399706	0.173300839	0.20661048	0.22172832	0.25448364	0.291612047
20230726	50	0.440224446	0.31534504	0.257565664	0.187965144	0.210616708	0.22172832	0.25448364	0.290677765
20230725	50	0.445391724	0.319362354	0.259979479	0.187965144	0.207618336	0.22172832	0.25448364	0.284762658
20230724	50	0.421626479	0.301743016	0.246936814	0.18141408	0.20759314	0.22172832	0.245916864	0.270967125
20230721	50	0.189619036	0.131539318	0.116615994	0.10582488	0.174359088	0.194541404	0.2267676	0.287810414
20230720	50	0.18943359	0.131399226	0.116535366	0.10582488	0.174359088	0.194541404	0.223240104	0.276206968
20230719	50	0.182447132	0.126690523	0.111625091	0.100281672	0.166800168	0.194516208	0.223240104	0.262999015
20230718	50	0.175121027	0.122403103	0.105360258	0.090203112	0.147146976	0.18645336	0.222736176	0.250232503
20230717	50	0.18612883	0.130212979	0.112366873	0.096250248	0.152186256	0.182421936	0.2141694	0.247464931
20230714	50	0.179286496	0.124894523	0.109145766	0.096199855	0.15621768	0.182472329	0.2141694	0.254632803
20230713	50	0.179671497	0.12518277	0.109334235	0.096250248	0.15621768	0.182421936	0.207114408	0.240205344
20230712	50	0.167290994	0.1155648	0.103538055	0.096199855	0.163247476	0.182472329	0.195977599	0.233267263
20230711	50	0.179897257	0.125567771	0.109524719	0.09574632	0.150699668	0.16881588	0.190988712	0.231451107
20230710	50	0.176730573	0.123471431	0.107357829	0.09322668	0.14613912	0.165288384	0.187965144	0.226542848
20230707	50	0.194605907	0.137359686	0.115692798	0.09322668	0.13606056	0.165288384	0.172343376	0.171242797
20230706	50	0.196310192	0.138685017	0.116490012	0.09322668	0.135052704	0.165288384	0.177382656	0.179987964
20230705	50	0.196231579	0.138625554	0.116455745	0.09322668	0.135052704	0.165288384	0.177382656	0.179515279
20230704	50	0.196219485	0.138616483	0.116450706	0.09322668	0.135052704	0.165288384	0.177382656	0.179584821
20230703	50	0.198733078	0.140976882	0.117003011	0.09070704	0.125982	0.157729464	0.16979854	0.165181551
20230630	50	0.198651441	0.140915402	0.116966728	0.09070704	0.125982	0.157729464	0.16979854	0.165576631
20230629	50	0.198651441	0.140915402	0.116966728	0.09070704	0.125982	0.157729464	0.17133552	0.168588105
20230628	50	0.198737109	0.140980913	0.117005027	0.09070704	0.125982	0.157729464	0.17133552	0.168984192
20230627	50	0.204520187	0.145491069	0.119729261	0.09070704	0.12220254	0.156091698	0.17133552	0.164794535
20230626	50	0.221912758	0.159054795	0.127922123	0.09070704	0.11086416	0.1511784	0.169823736	0.15061904
20230623	50	0.219412267	0.156187444	0.128331312	0.096754176	0.129005568	0.164280528	0.176878728	0.166025127
20230622	50	0.215744679	0.153468249	0.126319632	0.09574632	0.129005568	0.164280528	0.176878728	0.166791097
20230621	50	0.208286545	0.147615629	0.123003786	0.096250248	0.134044848	0.1637766	0.182421936	0.190658135
20230620	50	0.249341559	0.177278847	0.146981688	0.112879872	0.147650904	0.17133552	0.182421936	0.187700078
20230619	50	0.251220202	0.178672712	0.148007685	0.1133838	0.147650904	0.17133552	0.182421936	0.187301975
20230616	50	0.251172833	0.178637437	0.147987528	0.1133838	0.147650904	0.17133552	0.187007681	0.19749543
20230615	50	0.267068738	0.190990728	0.155405348	0.1133838	0.1385802	0.17133552	0.188469072	0.18148463
20230614	50	0.267068738	0.190990728	0.15540434	0.1133838	0.1385802	0.17133552	0.188469072	0.181487653
20230613	50	0.267195728	0.191089498	0.155462796	0.1133838	0.138529807	0.17133552	0.188418679	0.181319342
20230612	50	0.239862673	0.1697935	0.142621703	0.1133838	0.155713752	0.1763748	0.185445504	0.197007628
20230609	50	0.239817319	0.169758225	0.142601545	0.1133838	0.155713752	0.1763748	0.185445504	0.197184003
20230608	50	0.239682267	0.169656432	0.14254309	0.1133838	0.155713752	0.176122836	0.18393372	0.194330762
20230607	50	0.239816312	0.169758225	0.142601545	0.1133838	0.155713752	0.1763748	0.190988712	0.209570553
20230606	50	0.25375496	0.180645086	0.149193932	0.1133838	0.14613912	0.17133552	0.19653192	0.214746901
20230605	50	0.252132312	0.179060736	0.149193932	0.11590344	0.152186256	0.17133552	0.20661048	0.246966042
20230602	50	0.302034286	0.215953305	0.176593505	0.130013424	0.154705896	0.1763748	0.208122264	0.232956844
20230601	50	0.292984747	0.208874125	0.172294999	0.130013424	0.16125696	0.180884956	0.21920868	0.259451362
20230531	50	0.293485651	0.209346809	0.171891857	0.12850164	0.16125696	0.19149264	0.21920868	0.233251138
20230530	50	0.288701359	0.205957389	0.168910618	0.125982	0.15873732	0.19149264	0.22424796	0.2404049
20230529	50	0.291224023	0.207919685	0.170090818	0.125982	0.157225536	0.19149264	0.22424796	0.237089053
20230526	50	0.318727405	0.229036284	0.183530578	0.127997712	0.145635192	0.19149264	0.225759744	0.215705373
20230525	50	0.329805758	0.236223305	0.191518844	0.138076272	0.163650618	0.202075128	0.23432652	0.237164642
20230524	50	0.32547097	0.232968938	0.189220933	0.137169202	0.164330921	0.202453074	0.229186454	0.227182837
20230523	50	0.327644915	0.234496848	0.190434391	0.138076272	0.16629624	0.20661048	0.23432652	0.230959273
20230522	50	0.328024877	0.234431337	0.191306187	0.140595912	0.172343376	0.209634048	0.234351716	0.233899189
20230519	50	0.320634269	0.22811208	0.188976024	0.144627336	0.18645336	0.2141694	0.233822592	0.247021474
20230518	50	0.331933342	0.236302926	0.195597637	0.149162688	0.189476928	0.2141694	0.235838304	0.254702345
20230517	50	0.328431043	0.233580707	0.193961887	0.149162688	0.19149264	0.2141694	0.235838304	0.258529174
20230516	50	0.32840383	0.233559542	0.193949793	0.149162688	0.19149264	0.2141694	0.235787911	0.258597708
20230515	50	0.339887342	0.242359132	0.199604873	0.150145348	0.186932092	0.2141694	0.237854016	0.252635232
20230512	50	0.340870001	0.243103938	0.200033212	0.150145348	0.186932092	0.215681184	0.233822592	0.239594583
20230511	50	0.332694273	0.236558921	0.196690153	0.151682328	0.194516208	0.214622935	0.227775456	0.243887042
20230510	50	0.473855593	0.338084287	0.278505888	0.20913012	0.254962372	0.282728804	0.284190196	0.276754234
20230509	50	0.498241676	0.355386151	0.293616673	0.22172832	0.267610964	0.283711464	0.301348944	0.327484666
20230508	50	0.498207409	0.355359947	0.293602563	0.22172832	0.267610964	0.283711464	0.301348944	0.327478619
20230505	50	0.498086467	0.355268232	0.293549146	0.22172832	0.267610964	0.283711464	0.301348944	0.327592506
20230504	50	0.516773125	0.367749521	0.306443656	0.236443018	0.291396366	0.29479788	0.301348944	0.337481589
20230503	50	0.516084759	0.367215357	0.306123158	0.236443018	0.291774312	0.29479788	0.301348944	0.338234458
20230502	50	0.61143096	0.437982974	0.358231329	0.26204256	0.290766456	0.29479788	0.301348944	0.320980971
20230428	50	0.615162043	0.440750547	0.360271229	0.263050416	0.290766456	0.29479788	0.301348944	0.320364163
20230427	50	0.615209412	0.440786829	0.360291386	0.263050416	0.290766456	0.29479788	0.301348944	0.320295629
20230426	50	0.620450264	0.444860583	0.362738461	0.263050416	0.287742888	0.29479788	0.301348944	0.314503481
20230425	50	0.620523837	0.444917023	0.362770712	0.263050416	0.287742888	0.29479788	0.301348944	0.314426883
20230424	50	0.61692176	0.442246205	0.360787252	0.26204256	0.287742888	0.29479788	0.301348944	0.315135406
20230421	50	0.564796455	0.404604799	0.330557619	0.241280726	0.269198338	0.279176112	0.291169598	0.308385795
20230420	50	0.562046016	0.402519545	0.329359278	0.241280726	0.269198338	0.274439189	0.291169598	0.319969084
20230419	50	0.553867265	0.396245641	0.32547097	0.240877584	0.27212112	0.27212112	0.308958257	0.368448973
20230418	50	0.490166734	0.35127813	0.286191798	0.207618336	0.232814736	0.251964	0.266073984	0.271540595
20230417	50	0.490171773	0.351282162	0.286193813	0.207618336	0.232814736	0.251964	0.266073984	0.27171193
20230414	50	0.480753359	0.344140494	0.282090832	0.207618336	0.232814736	0.234830448	0.266073984	0.312939288
20230413	50	0.478908983	0.342771826	0.281079952	0.207114408	0.232814736	0.234830448	0.266073984	0.313215441
20230412	50	0.476877145	0.341262057	0.279987436	0.20661048	0.232814736	0.234830448	0.266073984	0.313227535
20230411	50	0.477801349	0.341979651	0.280417791	0.20661048	0.232310808	0.234830448	0.266073984	0.311580698
20230410	50	0.474111588	0.339243322	0.278396031	0.205602624	0.232310808	0.234830448	0.266073984	0.31274578
20230405	50	0.475013619	0.339943782	0.278816307	0.205602624	0.23180688	0.234830448	0.266073984	0.312267048
20230404	50	0.463943329	0.331734795	0.272752038	0.202579056	0.23180688	0.234830448	0.265570056	0.312810282
20230403	50	0.464059232	0.331822478	0.272802431	0.202579056	0.23180688	0.234830448	0.265570056	0.312349692
20230331	50	0.464033028	0.331804337	0.272780258	0.20255386	0.23180688	0.234830448	0.26204256	0.305504334
20230330	50	0.432463955	0.308707301	0.254767855	0.191517836	0.2267676	0.234830448	0.263050416	0.305016532
20230329	50	0.432297658	0.308581319	0.25469529	0.191517836	0.2267676	0.234830448	0.263050416	0.304400732
20230328	50	0.432018482	0.308369669	0.254573339	0.191517836	0.2267676	0.23432652	0.262974827	0.305968956
20230327	50	0.429538149	0.30648901	0.253492918	0.191517836	0.2267676	0.229791168	0.262974827	0.317226707
20230324	50	0.429724602	0.306631117	0.253574554	0.191517836	0.2267676	0.229791168	0.2393658	0.267856881
20230323	50	0.429691343	0.306604913	0.253559436	0.191517836	0.2267676	0.229791168	0.2393658	0.267688569
20230322	50	0.429690335	0.306604913	0.253559436	0.191517836	0.2267676	0.229791168	0.2393658	0.267811528
20230321	50	0.431501452	0.30801188	0.254404019	0.191517836	0.225734548	0.229740775	0.2393658	0.265798839
20230317	50	0.403915426	0.287955546	0.238790314	0.181716437	0.217797682	0.219511037	0.239567371	0.282089824
20230316	50	0.36813553	0.261672677	0.218515275	0.169823736	0.2141694	0.22172832	0.244909008	0.287311526
20230315	50	0.367988383	0.261561813	0.218450772	0.169823736	0.2141694	0.22172832	0.244909008	0.288195415
20230314	50	0.367922872	0.26151142	0.218422552	0.169823736	0.2141694	0.22172832	0.244909008	0.288657013
20230313	50	0.378211066	0.269706297	0.22277649	0.168311952	0.205098696	0.22172832	0.244909008	0.271875203
20230310	50	0.336182463	0.238513154	0.19993545	0.157275929	0.205048303	0.218704752	0.244909008	0.286018446
20230309	50	0.336027253	0.238395235	0.199867923	0.157275929	0.205048303	0.218704752	0.244909008	0.285064007
20230308	50	0.332269966	0.235546026	0.198231165	0.157275929	0.205048303	0.212204081	0.245160972	0.301840778
20230307	50	0.332308265	0.235575254	0.198247291	0.157275929	0.205048303	0.212204081	0.245160972	0.302447507
20230306	50	0.363551801	0.258741832	0.215377819	0.165842705	0.205048303	0.212204081	0.244909008	0.296872048
20230303	50	0.340434608	0.242692733	0.200237807	0.1511784	0.187461216	0.212153688	0.244909008	0.271625255
20230302	50	0.354790508	0.253423375	0.207525613	0.15369804	0.187511609	0.22172832	0.25350098	0.264468469
20230301	50	0.393489155	0.280935829	0.231399706	0.173300839	0.20661048	0.22172832	0.25448364	0.291612047
20230228	50	0.440224446	0.31534504	0.257565664	0.187965144	0.210616708	0.22172832	0.25448364	0.290677765
20230227	50	0.445391724	0.319362354	0.259979479	0.187965144	0.207618336	0.22172832	0.25448364	0.284762658
20230224	50	0.421626479	0.301743016	0.246936814	0.18141408	0.20759314	0.22172832	0.245916864	0.270967125
20230223	50	0.189619036	0.131539318	0.116615994	0.10582488	0.174359088	0.194541404	0.2267676	0.287810414
20230222	50	0.18943359	0.131399226	0.116535366	0.10582488	0.174359088	0.194541404	0.223240104	0.276206968
20230221	50	0.182447132	0.126690523	0.111625091	0.100281672	0.166800168	0.194516208	0.223240104	0.262999015
20230220	50	0.175121027	0.122403103	0.105360258	0.090203112	0.147146976	0.18645336	0.222736176	0.250232503
20230217	50	0.18612883	0.130212979	0.112366873	0.096250248	0.152186256	0.182421936	0.2141694	0.247464931
20230216	50	0.179286496	0.124894523	0.109145766	0.096199855	0.15621768	0.182472329	0.2141694	0.254632803
20230215	50	0.179671497	0.12518277	0.109334235	0.096250248	0.15621768	0.182421936	0.207114408	0.240205344
20230214	50	0.167290994	0.1155648	0.103538055	0.096199855	0.163247476	0.182472329	0.195977599	0.233267263
20230213	50	0.179897257	0.125567771	0.109524719	0.09574632	0.150699668	0.16881588	0.190988712	0.231451107
20230210	50	0.176730573	0.123471431	0.107357829	0.09322668	0.14613912	0.165288384	0.187965144	0.226542848
20230209	50	0.194605907	0.137359686	0.115692798	0.09322668	0.13606056	0.165288384	0.172343376	0.171242797
20230208	50	0.196310192	0.138685017	0.116490012	0.09322668	0.135052704	0.165288384	0.177382656	0.179987964
20230207	50	0.196231579	0.138625554	0.116455745	0.09322668	0.135052704	0.165288384	0.177382656	0.179515279
20230203	50	0.196219485	0.138616483	0.116450706	0.09322668	0.135052704	0.165288384	0.177382656	0.179584821
20230202	50	0.198733078	0.140976882	0.117003011	0.09070704	0.125982	0.157729464	0.16979854	0.165181551
20230201	50	0.198651441	0.140915402	0.116966728	0.09070704	0.125982	0.157729464	0.16979854	0.165576631
20230131	50	0.198651441	0.140915402	0.116966728	0.09070704	0.125982	0.157729464	0.17133552	0.168588105
20230130	50	0.198737109	0.140980913	0.117005027	0.09070704	0.125982	0.157729464	0.17133552	0.168984192
20230127	50	0.204520187	0.145491069	0.119729261	0.09070704	0.12220254	0.156091698	0.17133552	0.164794535
20230126	50	0.221912758	0.159054795	0.127922123	0.09070704	0.11086416	0.1511784	0.169823736	0.15061904
20230125	50	0.219412267	0.156187444	0.128331312	0.096754176	0.129005568	0.164280528	0.176878728	0.166025127
20230124	50	0.215744679	0.153468249	0.126319632	0.09574632	0.129005568	0.164280528	0.176878728	0.166791097
20230123	50	0.208286545	0.147615629	0.123003786	0.096250248	0.134044848	0.1637766	0.182421936	0.190658135
20230120	50	0.249341559	0.177278847	0.146981688	0.112879872	0.147650904	0.17133552	0.182421936	0.187700078
20230119	50	0.251220202	0.178672712	0.148007685	0.1133838	0.147650904	0.17133552	0.182421936	0.187301975
20230118	50	0.251172833	0.178637437	0.147987528	0.1133838	0.147650904	0.17133552	0.187007681	0.19749543
20230117	50	0.267068738	0.190990728	0.155405348	0.1133838	0.1385802	0.17133552	0.188469072	0.18148463
20230116	50	0.267068738	0.190990728	0.15540434	0.1133838	0.1385802	0.17133552	0.188469072	0.181487653
20230113	50	0.267195728	0.191089498	0.155462796	0.1133838	0.138529807	0.17133552	0.188418679	0.181319342
20230112	50	0.239862673	0.1697935	0.142621703	0.1133838	0.155713752	0.1763748	0.185445504	0.197007628
20230111	50	0.239817319	0.169758225	0.142601545	0.1133838	0.155713752	0.1763748	0.185445504	0.197184003
20230110	50	0.239682267	0.169656432	0.14254309	0.1133838	0.155713752	0.176122836	0.18393372	0.194330762
20230109	50	0.239816312	0.169758225	0.142601545	0.1133838	0.155713752	0.1763748	0.190988712	0.209570553
20230106	50	0.25375496	0.180645086	0.149193932	0.1133838	0.14613912	0.17133552	0.19653192	0.214746901
20230105	50	0.252132312	0.179060736	0.149193932	0.11590344	0.152186256	0.17133552	0.20661048	0.246966042
20230104	50	0.302034286	0.215953305	0.176593505	0.130013424	0.154705896	0.1763748	0.208122264	0.232956844
20230103	50	0.292984747	0.208874125	0.172294999	0.130013424	0.16125696	0.180884956	0.21920868	0.259451362
20230102	50	0.293485651	0.209346809	0.171891857	0.12850164	0.16125696	0.19149264	0.21920868	0.233251138
20221230	50	0.288701359	0.205957389	0.168910618	0.125982	0.15873732	0.19149264	0.22424796	0.2404049
20221229	50	0.291224023	0.207919685	0.170090818	0.125982	0.157225536	0.19149264	0.22424796	0.237089053
20221228	50	0.318727405	0.229036284	0.183530578	0.127997712	0.145635192	0.19149264	0.225759744	0.215705373
20221227	50	0.329805758	0.236223305	0.191518844	0.138076272	0.163650618	0.202075128	0.23432652	0.237164642
20221226	50	0.32547097	0.232968938	0.189220933	0.137169202	0.164330921	0.202453074	0.229186454	0.227182837
20221223	50	0.327644915	0.234496848	0.190434391	0.138076272	0.16629624	0.20661048	0.23432652	0.230959273
20221222	50	0.328024877	0.234431337	0.191306187	0.140595912	0.172343376	0.209634048	0.234351716	0.233899189
20221221	50	0.320634269	0.22811208	0.188976024	0.144627336	0.18645336	0.2141694	0.233822592	0.247021474
20221220	50	0.331933342	0.236302926	0.195597637	0.149162688	0.189476928	0.2141694	0.235838304	0.254702345
20221219	50	0.328431043	0.233580707	0.193961887	0.149162688	0.19149264	0.2141694	0.235838304	0.258529174
20221216	50	0.32840383	0.233559542	0.193949793	0.149162688	0.19149264	0.2141694	0.235787911	0.258597708
20221215	50	0.339887342	0.242359132	0.199604873	0.150145348	0.186932092	0.2141694	0.237854016	0.252635232
20221214	50	0.340870001	0.243103938	0.200033212	0.150145348	0.186932092	0.215681184	0.233822592	0.239594583
20221213	50	0.332694273	0.236558921	0.196690153	0.151682328	0.194516208	0.214622935	0.227775456	0.243887042
20221209	50	0.61692176	0.442246205	0.360787252	0.26204256	0.287742888	0.29479788	0.301348944	0.315135406
20221208	50	0.564796455	0.404604799	0.330557619	0.241280726	0.269198338	0.279176112	0.291169598	0.308385795
20221207	50	0.562046016	0.402519545	0.329359278	0.241280726	0.269198338	0.274439189	0.291169598	0.319969084
20221206	50	0.553867265	0.396245641	0.32547097	0.240877584	0.27212112	0.27212112	0.308958257	0.368448973
20221205	50	0.490166734	0.35127813	0.286191798	0.207618336	0.232814736	0.251964	0.266073984	0.271540595
20221202	50	0.490171773	0.351282162	0.286193813	0.207618336	0.232814736	0.251964	0.266073984	0.27171193
20221201	50	0.480753359	0.344140494	0.282090832	0.207618336	0.232814736	0.234830448	0.266073984	0.312939288
20221130	50	0.478908983	0.342771826	0.281079952	0.207114408	0.232814736	0.234830448	0.266073984	0.313215441
20221129	50	0.476877145	0.341262057	0.279987436	0.20661048	0.232814736	0.234830448	0.266073984	0.313227535
20221128	50	0.477801349	0.341979651	0.280417791	0.20661048	0.232310808	0.234830448	0.266073984	0.311580698
20221125	50	0.474111588	0.339243322	0.278396031	0.205602624	0.232310808	0.234830448	0.266073984	0.31274578
20221124	50	0.475013619	0.339943782	0.278816307	0.205602624	0.23180688	0.234830448	0.266073984	0.312267048
20221123	50	0.463943329	0.331734795	0.272752038	0.202579056	0.23180688	0.234830448	0.265570056	0.312810282
20221122	50	0.464059232	0.331822478	0.272802431	0.202579056	0.23180688	0.234830448	0.265570056	0.312349692
20221118	50	0.464033028	0.331804337	0.272780258	0.20255386	0.23180688	0.234830448	0.26204256	0.305504334
20221117	50	0.432463955	0.308707301	0.254767855	0.191517836	0.2267676	0.234830448	0.263050416	0.305016532
20221116	50	0.432297658	0.308581319	0.25469529	0.191517836	0.2267676	0.234830448	0.263050416	0.304400732
20221115	50	0.432018482	0.308369669	0.254573339	0.191517836	0.2267676	0.23432652	0.262974827	0.305968956
20221114	50	0.429538149	0.30648901	0.253492918	0.191517836	0.2267676	0.229791168	0.262974827	0.317226707
20221111	50	0.429724602	0.306631117	0.253574554	0.191517836	0.2267676	0.229791168	0.2393658	0.267856881
20221110	50	0.429691343	0.306604913	0.253559436	0.191517836	0.2267676	0.229791168	0.2393658	0.267688569
20221109	50	0.429690335	0.306604913	0.253559436	0.191517836	0.2267676	0.229791168	0.2393658	0.267811528
20221108	50	0.431501452	0.30801188	0.254404019	0.191517836	0.225734548	0.229740775	0.2393658	0.265798839
20221107	50	0.403915426	0.287955546	0.238790314	0.181716437	0.217797682	0.219511037	0.239567371	0.282089824
20221104	50	0.36813553	0.261672677	0.218515275	0.169823736	0.2141694	0.22172832	0.244909008	0.287311526
20221103	50	0.367988383	0.261561813	0.218450772	0.169823736	0.2141694	0.22172832	0.244909008	0.288195415
20221101	50	0.367922872	0.26151142	0.218422552	0.169823736	0.2141694	0.22172832	0.244909008	0.288657013
20221031	50	0.378211066	0.269706297	0.22277649	0.168311952	0.205098696	0.22172832	0.244909008	0.271875203
20221028	50	0.336182463	0.238513154	0.19993545	0.157275929	0.205048303	0.218704752	0.244909008	0.286018446
20221027	50	0.336027253	0.238395235	0.199867923	0.157275929	0.205048303	0.218704752	0.244909008	0.285064007
20221026	50	0.332269966	0.235546026	0.198231165	0.157275929	0.205048303	0.212204081	0.245160972	0.301840778
20221025	50	0.332308265	0.235575254	0.198247291	0.157275929	0.205048303	0.212204081	0.245160972	0.302447507
20221024	50	0.363551801	0.258741832	0.215377819	0.165842705	0.205048303	0.212204081	0.244909008	0.296872048
20221021	50	0.340434608	0.242692733	0.200237807	0.1511784	0.187461216	0.212153688	0.244909008	0.271625255
20221020	50	0.354790508	0.253423375	0.207525613	0.15369804	0.187511609	0.22172832	0.25350098	0.264468469
20221019	50	0.393489155	0.280935829	0.231399706	0.173300839	0.20661048	0.22172832	0.25448364	0.291612047
20221018	50	0.440224446	0.31534504	0.257565664	0.187965144	0.210616708	0.22172832	0.25448364	0.290677765
20221017	50	0.445391724	0.319362354	0.259979479	0.187965144	0.207618336	0.22172832	0.25448364	0.284762658
20221014	50	0.421626479	0.301743016	0.246936814	0.18141408	0.20759314	0.22172832	0.245916864	0.270967125
20221013	50	0.189619036	0.131539318	0.116615994	0.10582488	0.174359088	0.194541404	0.2267676	0.287810414
20221012	50	0.18943359	0.131399226	0.116535366	0.10582488	0.174359088	0.194541404	0.223240104	0.276206968
20221011	50	0.182447132	0.126690523	0.111625091	0.100281672	0.166800168	0.194516208	0.223240104	0.262999015
20221010	50	0.175121027	0.122403103	0.105360258	0.090203112	0.147146976	0.18645336	0.222736176	0.250232503
20221007	50	0.18612883	0.130212979	0.112366873	0.096250248	0.152186256	0.182421936	0.2141694	0.247464931
20221006	50	0.179286496	0.124894523	0.109145766	0.096199855	0.15621768	0.182472329	0.2141694	0.254632803
20221005	50	0.179671497	0.12518277	0.109334235	0.096250248	0.15621768	0.182421936	0.207114408	0.240205344
20221004	50	0.167290994	0.1155648	0.103538055	0.096199855	0.163247476	0.182472329	0.195977599	0.233267263
20221003	50	0.179897257	0.125567771	0.109524719	0.09574632	0.150699668	0.16881588	0.190988712	0.231451107
20220930	50	0.176730573	0.123471431	0.107357829	0.09322668	0.14613912	0.165288384	0.187965144	0.226542848
20220929	50	0.194605907	0.137359686	0.115692798	0.09322668	0.13606056	0.165288384	0.172343376	0.171242797
20220928	50	0.196310192	0.138685017	0.116490012	0.09322668	0.135052704	0.165288384	0.177382656	0.179987964
20230929	60	0.490485921	0.353150126	0.289931081	0.210624959	0.252342499	0.292498586	0.29339549	0.280531677
20230928	60	0.515435933	0.370565751	0.300451726	0.228787953	0.276644911	0.290138094	0.298360412	0.324909349
20230927	60	0.520090837	0.364116745	0.299414725	0.223036462	0.269325993	0.295541541	0.301837159	0.330665707
20230926	60	0.511003931	0.362504612	0.298030462	0.227458669	0.265945212	0.289100102	0.301859807	0.338943232
20230925	60	0.542902467	0.37951646	0.318674278	0.240333871	0.298798103	0.303027875	0.298609048	0.33900943
20230922	60	0.530270217	0.379488521	0.312333859	0.242847337	0.295670637	0.300777103	0.298325161	0.340237513
20230921	60	0.649485844	0.453065136	0.379042594	0.26825091	0.297566122	0.302564309	0.314252302	0.330510465
20230920	60	0.639079237	0.460274874	0.36322975	0.267361538	0.291697586	0.303457481	0.305316824	0.331932828
20230919	60	0.62888526	0.446120066	0.369404483	0.266566059	0.304330322	0.296642917	0.2981097	0.328373039
20230918	60	0.647841884	0.444822969	0.370884727	0.264334513	0.296693003	0.300642294	0.305289122	0.310982562
20230915	60	0.630501049	0.456132437	0.371782558	0.263610296	0.29039182	0.298394982	0.302535141	0.31065396
20230914	60	0.641659029	0.466498903	0.368004273	0.271234934	0.285915865	0.303783939	0.308618928	0.323035662
20230913	60	0.571438369	0.411267364	0.333795325	0.24596908	0.280217929	0.284763066	0.297667426	0.316471603
20230912	60	0.605416325	0.422861755	0.339480092	0.248047993	0.27839517	0.276982298	0.296079079	0.319401774
20230911	60	0.586227284	0.405510166	0.330777954	0.240899205	0.281761557	0.286276445	0.317461517	0.38060195
20230908	60	0.503909102	0.36820396	0.282418036	0.214440341	0.236094259	0.254165158	0.270225162	0.271281146
20230907	60	0.498558255	0.358625613	0.290033734	0.209135029	0.236868098	0.253034878	0.272249546	0.271404013
20230906	60	0.500243603	0.349549236	0.294492562	0.218248281	0.235985182	0.241680743	0.263714783	0.314906408
20230905	60	0.502708644	0.347995318	0.288604668	0.211061228	0.235270889	0.239882023	0.271226731	0.312766809
20230904	60	0.481328272	0.350328243	0.29498894	0.211985673	0.233566686	0.240704313	0.268955443	0.320324362
20230901	60	0.491891622	0.352921239	0.284833097	0.213538994	0.242167674	0.238077594	0.273242199	0.308059218
20230831	60	0.501376835	0.353950257	0.281656786	0.21176613	0.235251258	0.240751567	0.270735435	0.32674092
20230830	60	0.486495198	0.34728687	0.284287321	0.203656586	0.23445391	0.240239123	0.271688751	0.314152975
20230829	60	0.474323974	0.341805925	0.275810338	0.210391181	0.239527502	0.239995111	0.263113586	0.319027919
20230828	60	0.47531317	0.343577436	0.270713933	0.20583671	0.24213277	0.241443528	0.267905671	0.314517181
20230825	60	0.496749005	0.338860587	0.284799948	0.208882412	0.235429281	0.240303937	0.263089669	0.31162954
20230824	60	0.442905958	0.320150011	0.258950484	0.19540121	0.224804858	0.246426196	0.268344908	0.305472357
20230823	60	0.449196754	0.311060049	0.254091987	0.194386147	0.233218333	0.241613453	0.258014983	0.298334833
20230822	60	0.44690447	0.31842513	0.263400896	0.193452268	0.226711502	0.237702142	0.266524754	0.310378668
20230821	60	0.45371188	0.31181995	0.263301744	0.190756251	0.22694501	0.237278374	0.269142033	0.330995435
20230818	60	0.457688787	0.317928005	0.261046875	0.19936284	0.224720589	0.231472549	0.247334652	0.277851689
20230817	60	0.429208233	0.310871207	0.25921309	0.198355529	0.223025554	0.236303534	0.248357953	0.273417162
20230816	60	0.43711933	0.317249382	0.259731685	0.194053742	0.23341099	0.23464758	0.240295138	0.26718815
20230815	60	0.452442845	0.311706003	0.259963895	0.196611696	0.233673797	0.237099536	0.237648025	0.267690706
20230814	60	0.413769585	0.292211384	0.249335481	0.186897926	0.21733235	0.219306206	0.241590049	0.287296122
20230811	60	0.379713411	0.26857582	0.225359767	0.170772679	0.219538705	0.220904355	0.242872186	0.293898347
20230810	60	0.379973333	0.266958745	0.215819181	0.174697936	0.21562184	0.230336449	0.247940016	0.288045403
20230809	60	0.388183472	0.266551606	0.225646963	0.171884479	0.219187776	0.227879534	0.245059732	0.29874352
20230808	60	0.390549648	0.273707591	0.229458365	0.168430735	0.208820143	0.23161063	0.245958131	0.276220754
20230807	60	0.347666059	0.242516113	0.210999248	0.156415252	0.207479556	0.225708794	0.246679129	0.286237514
20230804	60	0.347227024	0.246676582	0.204127532	0.159447105	0.205864488	0.221102761	0.248107196	0.288129266
20230803	60	0.330929732	0.24816758	0.19910835	0.162469163	0.210702714	0.213493424	0.248654363	0.306872391
20230802	60	0.337305216	0.246908245	0.199523298	0.159725908	0.211981947	0.221956507	0.245292476	0.301202807
20230801	60	0.388728187	0.267063566	0.224951482	0.164719331	0.20396388	0.218276956	0.2461684	0.303058751
20230731	60	0.346070987	0.244124587	0.207578771	0.153850774	0.19476653	0.215430642	0.243750628	0.279841406
20230728	60	0.36267416	0.262906654	0.220386502	0.155305244	0.188402202	0.2255327	0.270181103	0.262884631
20230727	60	0.403896659	0.280615683	0.227336876	0.176762895	0.213560624	0.222694648	0.249772386	0.302586089
20230726	60	0.462795982	0.329665937	0.26905157	0.200473547	0.210648219	0.22588626	0.25683009	0.291822775
20230725	60	0.467999169	0.323838202	0.264936338	0.192220138	0.215473552	0.222138799	0.260088841	0.294838947
20230724	60	0.435052902	0.311289406	0.250624402	0.188044572	0.209640274	0.229775777	0.246505318	0.269626913
20230721	60	0.201074878	0.134700827	0.118188004	0.107633313	0.17463084	0.194779368	0.231341059	0.281695199
20230720	60	0.193121867	0.134370235	0.118331066	0.107056717	0.175295853	0.195472329	0.226531386	0.278481341
20230719	60	0.188256617	0.131348846	0.111697297	0.101674433	0.170904291	0.191679949	0.226441096	0.264270526
20230718	60	0.180611284	0.127600853	0.110356753	0.0905502896	0.151338591	0.188188026	0.227412109	0.252715758
20230717	60	0.192732693	0.132846209	0.11622364	0.0974147805	0.155971578	0.187251123	0.209080326	0.257417577
20230714	60	0.185766063	0.12588225	0.112955722	0.0959145419	0.15523489	0.182032873	0.215510275	0.262693019
20230713	60	0.184567918	0.13187538	0.110620186	0.0991079639	0.152519147	0.181690139	0.209014218	0.248614579
20230712	60	0.173067218	0.118521328	0.103634386	0.0967165545	0.168782661	0.183735291	0.201282848	0.2396998
20230711	60	0.185146922	0.129425997	0.111911988	0.100364878	0.150642031	0.168590823	0.192329125	0.235232183
20230710	60	0.178017523	0.125782003	0.107750071	0.0953041745	0.148692089	0.166957491	0.187944943	0.232756142
20230707	60	0.197804625	0.137758604	0.116768231	0.0944081265	0.138240795	0.165148795	0.172845484	0.172679394
20230706	60	0.200511494	0.139333636	0.117493325	0.0942564583	0.137778518	0.165021415	0.176712746	0.180853135
20230705	60	0.205978098	0.140984707	0.118113103	0.0964868638	0.134584258	0.169170654	0.180649868	0.183133848
20230704	60	0.206525554	0.138435539	0.120269872	0.0939613765	0.13782067	0.168360335	0.177264535	0.18349072
20230703	60	0.20214236	0.147082251	0.121431471	0.0924321279	0.129889227	0.157482729	0.171788496	0.16635934
20230630	60	0.2075666	0.147043503	0.119341673	0.0928402081	0.124416902	0.161029512	0.173320346	0.165340438
20230629	60	0.202373589	0.143775238	0.119843538	0.091020354	0.124361244	0.157161303	0.171768848	0.16862958
20230628	60	0.210884629	0.142126863	0.119500042	0.0930459144	0.128403519	0.159975721	0.168882679	0.166889981
20230627	60	0.213248481	0.146348497	0.125003841	0.0922619578	0.125445497	0.159516043	0.174545239	0.165203168
20230626	60	0.234167628	0.167610298	0.132110612	0.0914520313	0.112625444	0.157745413	0.174032916	0.150857456
20230623	60	0.234483656	0.160249799	0.129434252	0.0976583761	0.135141535	0.170154396	0.17948009	0.166917388
20230622	60	0.224572454	0.157621618	0.125854383	0.0990837745	0.132986204	0.163991055	0.178435289	0.162771315
20230621	60	0.217873993	0.150442268	0.12785668	0.0963389475	0.138620172	0.17043253	0.180185759	0.190071361
20230620	60	0.259329394	0.178290374	0.149279729	0.114518566	0.149536289	0.169887184	0.186328826	0.189391321
20230619	60	0.255535466	0.183067648	0.152687496	0.115317971	0.148132074	0.177879285	0.18401035	0.189250561
20230616	60	0.25857766	0.179188684	0.150214609	0.115053034	0.154138086	0.17154635	0.18799761	0.194606559
20230615	60	0.272782179	0.19764106	0.159766426	0.116838031	0.143034846	0.175212114	0.194194348	0.186368403
20230614	60	0.281529251	0.192692739	0.161754396	0.11555264	0.141549346	0.177880035	0.188634943	0.181486127
20230613	60	0.27453246	0.194469153	0.153616663	0.115233363	0.142357004	0.171248897	0.186790007	0.182516747
20230612	60	0.251098501	0.178278464	0.144886412	0.112934996	0.159710803	0.180293358	0.182204044	0.20093739
20230609	60	0.240820042	0.170828366	0.144100314	0.11438199	0.156365164	0.178132709	0.186307359	0.200003702
20230608	60	0.245931691	0.170166978	0.148257003	0.115462675	0.158917702	0.17898683	0.185882652	0.197860888
20230607	60	0.247685626	0.172382066	0.144857408	0.114662268	0.155770487	0.184160775	0.198086449	0.211997191
20230606	60	0.25861041	0.187288836	0.155313659	0.115281768	0.147966277	0.171038367	0.198600392	0.2175242
20230605	60	0.263007008	0.186712778	0.15040085	0.119758663	0.152529204	0.172236247	0.208365314	0.252089373
20230602	60	0.318195421	0.215436446	0.178069504	0.13339749	0.156898077	0.172312541	0.208950794	0.238771828
20230601	60	0.293908274	0.215057371	0.174418647	0.129330451	0.165898781	0.189674945	0.217781482	0.265223661
20230531	60	0.302813499	0.213694983	0.18023194	0.126562874	0.160158131	0.192681911	0.219481945	0.233430352
20230530	60	0.297024497	0.210242272	0.171694392	0.127511324	0.163323598	0.191107305	0.222626929	0.240843331
20230529	60	0.298484459	0.217817618	0.173788755	0.125718377	0.162404841	0.191513133	0.221195285	0.231239688
20230526	60	0.330384292	0.232385024	0.188008066	0.12908775	0.147987983	0.194515281	0.226166129	0.212976716
20230525	60	0.339724702	0.242434505	0.193275558	0.140982833	0.164047532	0.203825623	0.23417151	0.238747976
20230524	60	0.333396043	0.240836033	0.189723262	0.141097954	0.168389822	0.205709414	0.232811091	0.232210255
20230523	60	0.34441188	0.235659871	0.194371154	0.143667919	0.167170721	0.214104942	0.238705266	0.231081915
20230522	60	0.341650801	0.241340864	0.197132022	0.139682696	0.172367141	0.21284856	0.235705979	0.233791301
20230519	60	0.327497456	0.230374911	0.193329309	0.144772913	0.191779477	0.221709582	0.233932967	0.260042088
20230518	60	0.340731662	0.239642671	0.19787209	0.149081598	0.191155624	0.214252985	0.243526924	0.260421057
20230517	60	0.342693533	0.245310234	0.200112897	0.149983394	0.195385022	0.212900582	0.236031776	0.262968595
20230516	60	0.338046623	0.238238526	0.204513553	0.148701131	0.191347363	0.215135337	0.238262389	0.263315469
20230515	60	0.359331468	0.247855226	0.200439732	0.156657097	0.19631632	0.214555657	0.236767958	0.248974505
20230512	60	0.359326012	0.244013649	0.201897161	0.155340792	0.197939022	0.213930141	0.244072224	0.236652498
20230511	60	0.342927429	0.237241527	0.192462551	0.155978738	0.19437404	0.215281496	0.230302989	0.252987743
20230510	60	0.480004253	0.342098431	0.278995446	0.213652697	0.261459899	0.295328565	0.297592022	0.277815442
20230509	60	0.526081113	0.362079319	0.299107772	0.221767718	0.274256756	0.293351076	0.300324529	0.329989225
20230508	60	0.517069257	0.36813211	0.296358895	0.227931404	0.275263147	0.292530819	0.297835295	0.32855848
20230505	60	0.524513785	0.364224993	0.300451061	0.226820962	0.276034861	0.29016499	0.314151287	0.332609215
20230504	60	0.541816275	0.373708822	0.314014064	0.240675817	0.294355189	0.299963538	0.30553765	0.342139448
20230503	60	0.542669119	0.379332306	0.311918186	0.241403021	0.294222989	0.296066604	0.307103565	0.339745235
20230502	60	0.64265078	0.460459599	0.365393748	0.270561708	0.289037054	0.302678928	0.308768835	0.320447998
20230428	60	0.654445164	0.451947256	0.367833651	0.276019868	0.292181851	0.293363192	0.304844172	0.330954649
20230427	60	0.623763434	0.454540595	0.382468372	0.271339145	0.28727736	0.305189205	0.305401881	0.32055058
20230426	60	0.661554091	0.458274931	0.37719428	0.268385195	0.284618349	0.302999259	0.305690843	0.312339008
20230425	60	0.657669266	0.455590778	0.371296252	0.271190672	0.301061938	0.301821198	0.305609454	0.313623528
20230424	60	0.649980434	0.460196372	0.357567243	0.26924889	0.294300523	0.291291446	0.307899388	0.321157803
20230421	60	0.598612881	0.430089981	0.342668005	0.248263446	0.275235744	0.288568125	0.29737068	0.312134232
20230420	60	0.58058362	0.423643265	0.335365672	0.251616428	0.272111645	0.280168821	0.2923317	0.319543928
20230419	60	0.565897294	0.406298712	0.337275762	0.243659559	0.283043232	0.269640098	0.318545658	0.378485305
20230418	60	0.495824748	0.368361404	0.295276894	0.208819476	0.238050048	0.258548277	0.267254793	0.272328272
20230417	60	0.515564004	0.359451909	0.29088654	0.214489504	0.236227906	0.251604094	0.272602314	0.276596584
20230414	60	0.495159399	0.344656248	0.289483415	0.208381931	0.235927811	0.238281703	0.271277191	0.319674815
20230413	60	0.499182912	0.349542011	0.292662234	0.204432483	0.237762507	0.238009765	0.271821311	0.314904013
20230412	60	0.483502016	0.35035829	0.291282282	0.206616801	0.232003582	0.232345762	0.267295729	0.310504424
20230411	60	0.492265843	0.348307918	0.279178058	0.213034999	0.238702918	0.237062374	0.266825161	0.31851868
20230410	60	0.489840987	0.355807913	0.285217182	0.21515813	0.230584096	0.239182473	0.268088209	0.318686235
20230405	60	0.512071507	0.348013869	0.285315232	0.210298381	0.23391717	0.232999935	0.276229375	0.316251286
20230404	60	0.470018375	0.344027308	0.274305752	0.20770624	0.233066882	0.234180759	0.270062609	0.314333635
20230403	60	0.48536501	0.338805623	0.279379304	0.201046466	0.234215138	0.235644005	0.273161498	0.31564959
20230331	60	0.467147042	0.344674984	0.273577572	0.208921635	0.234934705	0.245475494	0.272943427	0.304834123
20230330	60	0.445003252	0.311037738	0.263371768	0.19280269	0.23303125	0.240282178	0.269363105	0.306783615
20230329	60	0.453567173	0.315845751	0.260784804	0.194373468	0.228351718	0.239155605	0.258265749	0.303290559
20230328	60	0.447772901	0.316129729	0.253408015	0.192932779	0.234433179	0.241037094	0.26090439	0.313202937
20230327	60	0.448794054	0.316110897	0.259611486	0.191570674	0.232192122	0.231896506	0.270673839	0.317346274
20230324	60	0.446086591	0.322716053	0.259623817	0.201494355	0.228256246	0.233577681	0.241209221	0.268839218
20230323	60	0.457919652	0.31570233	0.25753689	0.195286783	0.231289508	0.234812415	0.240816103	0.274001903
20230322	60	0.455564553	0.315327511	0.250681849	0.197898924	0.229889867	0.238643206	0.241872188	0.275557596
20230321	60	0.450383298	0.309810914	0.263025099	0.196273206	0.231214845	0.230690625	0.247681988	0.266023702
20230317	60	0.418304428	0.295165595	0.241009989	0.185250375	0.217165768	0.223215517	0.241824143	0.279182205
20230316	60	0.383283637	0.272117818	0.221369282	0.1721474	0.220221137	0.220938485	0.250810363	0.287087931
20230315	60	0.379927708	0.267972811	0.221343722	0.17084388	0.212802307	0.224459665	0.253628569	0.294370522
20230314	60	0.389196867	0.264829349	0.226172141	0.170984646	0.216888835	0.227616456	0.243234183	0.294813177
20230313	60	0.391474537	0.268615942	0.227997753	0.169198982	0.207041993	0.222792034	0.252240391	0.270137146
20230310	60	0.344661475	0.245987452	0.21053436	0.160179368	0.210246953	0.223679712	0.248166927	0.283661547
20230309	60	0.347633714	0.243619609	0.205159731	0.159128034	0.206119261	0.222818045	0.24330551	0.293117462
20230308	60	0.351632789	0.236205263	0.200810526	0.156866755	0.209401779	0.214177628	0.246473923	0.30076102
20230307	60	0.35302403	0.248182188	0.202261116	0.161597965	0.206307545	0.213871064	0.242464369	0.303690686
20230306	60	0.366039893	0.261109304	0.223470331	0.166360919	0.20556349	0.218865524	0.245923455	0.299239311
20230303	60	0.350108564	0.244448081	0.209640088	0.14960455	0.187975111	0.207980266	0.247838877	0.271414659
20230302	60	0.366226065	0.260875797	0.213961378	0.158284756	0.195132976	0.222241076	0.249939942	0.270124196
20230301	60	0.404354275	0.291391241	0.233877934	0.172885283	0.210051166	0.226584839	0.252580773	0.297401089
20230228	60	0.465304645	0.316716006	0.261290824	0.191620392	0.216378319	0.225127095	0.25806821	0.291152652
20230227	60	0.454073071	0.328755636	0.256236223	0.191996695	0.21246732	0.224881983	0.260822379	0.285560834
20230224	60	0.445835013	0.310401232	0.256142392	0.183894914	0.210582915	0.221531083	0.248502973	0.270436313
20230223	60	0.194685248	0.136526386	0.121275585	0.10851417	0.176123003	0.198589753	0.225468084	0.289242095
20230222	60	0.195597791	0.133462631	0.119951851	0.105463528	0.179818205	0.204191185	0.224940266	0.275067794
20230221	60	0.191492452	0.129773184	0.113305993	0.102132293	0.167819896	0.195571838	0.223988204	0.26478882
20230220	60	0.176829514	0.127117371	0.10762446	0.089657068	0.148832873	0.187711054	0.227530939	0.254019787
20230217	60	0.193091745	0.13294571	0.113789192	0.0984371592	0.157041155	0.179755488	0.209954366	0.242865751
20230216	60	0.183606975	0.126423021	0.1096554	0.0977785268	0.153913795	0.181049063	0.213633751	0.256348154
20230215	60	0.188941745	0.12654271	0.115499348	0.0970671238	0.15559978	0.184220791	0.211465792	0.240249756
20230214	60	0.173491981	0.116102431	0.105498707	0.0980179863	0.167788428	0.182843128	0.194663391	0.235709403
20230213	60	0.180968622	0.126981445	0.108645122	0.0970621753	0.151574154	0.168411552	0.195545187	0.234558885
20230210	60	0.182082559	0.126425659	0.107731803	0.0952492967	0.14904008	0.168022922	0.187688766	0.22728042
20230209	60	0.199396417	0.142486735	0.11908054	0.0933131969	0.136163157	0.162789285	0.175006412	0.172516047
20230208	60	0.198904187	0.141574907	0.119349794	0.0981063637	0.137626281	0.167928446	0.18181752	0.18445498
20230207	60	0.206506818	0.142115493	0.120214222	0.0948129244	0.136529767	0.168791446	0.179857806	0.182913084
20230203	60	0.199560765	0.141166116	0.120923946	0.0933645266	0.135666837	0.164766558	0.181024287	0.182546106
20230202	60	0.204672386	0.14632496	0.122838785	0.0919560212	0.127403719	0.161386286	0.175506952	0.168154007
20230201	60	0.200039894	0.144931962	0.120363427	0.0923357867	0.125460183	0.160659895	0.172074123	0.165611256
20230131	60	0.204230497	0.144843151	0.118981399	0.0932309483	0.125925647	0.161333375	0.174565807	0.168912584
20230130	60	0.206063495	0.143687031	0.118978569	0.0941592789	0.125037452	0.161008853	0.171669752	0.170393536
20230127	60	0.209078685	0.146572232	0.120714953	0.0896459832	0.121624648	0.15815089	0.174397907	0.167831273
20230126	60	0.229105818	0.163767137	0.130674514	0.0946492063	0.113247813	0.154345237	0.174252788	0.148391747
20230125	60	0.220183065	0.157497047	0.128990281	0.0973797343	0.128618365	0.16750834	0.180256349	0.171003482
20230124	60	0.220220305	0.153970381	0.12684173	0.0960671013	0.130374716	0.166783337	0.175994016	0.16546576
20230123	60	0.212557448	0.148654559	0.125006272	0.0973533521	0.134937095	0.166916328	0.186373933	0.194088789
20230120	60	0.249525786	0.178862306	0.149974821	0.117541945	0.149830414	0.172581749	0.182474894	0.192811256
20230119	60	0.259633845	0.183295384	0.154260057	0.115505706	0.148942452	0.171896318	0.179865202	0.186736493
20230118	60	0.26170642	0.179472726	0.150930576	0.115969774	0.153272486	0.171326673	0.183601923	0.199947536
20230117	60	0.274475036	0.194080484	0.158661251	0.119493669	0.144074204	0.173506694	0.197022667	0.183355503
20230116	60	0.274356983	0.198087227	0.159735455	0.113689308	0.140987106	0.167962346	0.187161726	0.183546278
20230113	60	0.275632029	0.191329975	0.159636756	0.11490159	0.138996503	0.173459533	0.193674743	0.183135266
20230112	60	0.241861946	0.173656394	0.14649752	0.114805031	0.155816968	0.17726443	0.185925265	0.200949401
20230111	60	0.253216614	0.170535022	0.145382339	0.112080692	0.160608553	0.182007862	0.188743673	0.200602863
20230110	60	0.257173288	0.175476552	0.144586349	0.115910134	0.151585905	0.179414709	0.18958772	0.198390783
20230109	60	0.248655582	0.177924214	0.146967107	0.118309078	0.157766649	0.178617014	0.19424473	0.209724861
20230106	60	0.270157893	0.189178647	0.152773711	0.114235397	0.149691706	0.170712634	0.19923605	0.215662992
20230105	60	0.261601013	0.182790797	0.152277219	0.117397736	0.154910013	0.178659846	0.210725592	0.251448957
20230104	60	0.316826003	0.222682214	0.174899543	0.13459301	0.156179624	0.179395099	0.210361885	0.239557648
20230103	60	0.304131145	0.20951194	0.178337851	0.133865668	0.164134474	0.180032608	0.220816529	0.261312366
20230102	60	0.294587871	0.214303521	0.177414481	0.134160369	0.165148263	0.199709888	0.219437911	0.242381617
20221230	60	0.300770458	0.21200694	0.172701028	0.129015089	0.159118875	0.197262935	0.225866655	0.245366046
20221229	60	0.304971852	0.211787116	0.167519533	0.126527158	0.16206591	0.192605762	0.225395793	0.236967202
20221228	60	0.331299438	0.236307341	0.186934537	0.1293933	0.149518069	0.194246699	0.228758956	0.223211117
20221227	60	0.331537247	0.24229476	0.200369533	0.142646094	0.164277931	0.205136234	0.235431446	0.235085908
20221226	60	0.330491755	0.233579645	0.191554798	0.142177826	0.166655364	0.204146761	0.232893594	0.233715797
20221223	60	0.328826845	0.240496544	0.195368572	0.142288952	0.167855492	0.210224885	0.240877448	0.229791885
20221222	60	0.337153381	0.238057905	0.197346707	0.144207921	0.172151568	0.21104412	0.243223286	0.236473543
20221221	60	0.332375598	0.238722503	0.194072948	0.149369809	0.184683097	0.215322117	0.238030551	0.248720402
20221220	60	0.344770528	0.24398	0.19730047	0.15050075	0.196601502	0.211400113	0.244441855	0.257820815
20221219	60	0.336906897	0.233602968	0.198059452	0.15072989	0.1922596	0.2184939	0.240842808	0.261876598
20221216	60	0.348500916	0.231658273	0.196239035	0.152017118	0.198916056	0.215722601	0.239794238	0.259243611
20221215	60	0.355658248	0.248370472	0.206258492	0.151697659	0.189118199	0.212405105	0.240122519	0.25676802
20221214	60	0.350213899	0.254451897	0.19977251	0.155477608	0.193792745	0.217012129	0.239142218	0.242697887
20221213	60	0.345897701	0.242851113	0.198778356	0.154681252	0.198287781	0.218387989	0.22982548	0.243282887
20221209	60	0.643862353	0.450660821	0.378343271	0.259250934	0.29512696	0.297001431	0.300604244	0.315385415
20221208	60	0.579464762	0.413764003	0.34205549	0.239434036	0.276975067	0.283318971	0.290757821	0.320437716
20221207	60	0.581731376	0.410716725	0.335507116	0.246398695	0.270765066	0.279164277	0.288504179	0.31808415
20221206	60	0.584770169	0.413588695	0.341912651	0.245356317	0.280609716	0.28242703	0.312513746	0.367223837
20221205	60	0.514602653	0.369245679	0.301682912	0.212777487	0.240059873	0.25770571	0.267841031	0.27955346
20221202	60	0.503248133	0.361785252	0.293220021	0.215353474	0.237389287	0.255855252	0.266152172	0.267853761
20221201	60	0.502378827	0.353622694	0.293600301	0.20606039	0.236330661	0.243045163	0.261493434	0.318615739
20221130	60	0.500090271	0.35680742	0.290512143	0.210236441	0.23371144	0.232804518	0.269016927	0.311497785
20221129	60	0.491361734	0.347463	0.293976522	0.212022993	0.235210413	0.235391225	0.275279965	0.313249964
20221128	60	0.499631687	0.347158289	0.284168479	0.210836777	0.233837845	0.242424529	0.266106937	0.31979713
20221125	60	0.501582466	0.354994387	0.288665031	0.208118215	0.237558242	0.24642962	0.270452513	0.308096887
20221124	60	0.50297136	0.352350694	0.279674058	0.206868672	0.233418954	0.242996171	0.277542001	0.314485251
20221123	60	0.476879474	0.344944277	0.274822821	0.208982387	0.227594568	0.245534867	0.265823101	0.320531773
20221122	60	0.476924221	0.342990479	0.279424004	0.210695537	0.228956682	0.238230411	0.270354164	0.318266722
20221118	60	0.485998746	0.348153133	0.28468353	0.205162077	0.237599171	0.235063073	0.260589148	0.308028766
20221117	60	0.455038637	0.305125152	0.255775311	0.191360682	0.235625886	0.23645992	0.268716008	0.307672822
20221116	60	0.446394377	0.317177289	0.263969771	0.19691829	0.235264516	0.237963653	0.262541789	0.302357975
20221115	60	0.450790532	0.314952789	0.263610529	0.194114703	0.234821275	0.243252556	0.26746144	0.307406143
20221114	60	0.445046524	0.311893093	0.258181924	0.189844751	0.232149559	0.232774992	0.260212707	0.310795275
20221111	60	0.449018213	0.318002995	0.264844124	0.194512404	0.232628469	0.228192002	0.244501743	0.272836038
20221110	60	0.446534775	0.313512681	0.260191569	0.193252299	0.234169415	0.238000574	0.241522682	0.264644428
20221109	60	0.440184721	0.309727749	0.261045628	0.193057048	0.221894249	0.234806885	0.240764792	0.273183425
20221108	60	0.448033429	0.318719877	0.260381341	0.193043565	0.225814389	0.231021945	0.24347919	0.265277992
20221107	60	0.424485158	0.294074648	0.24189484	0.186878542	0.224018243	0.224531928	0.243103905	0.282195409
20221104	60	0.381019512	0.272444258	0.226550947	0.174878681	0.221518171	0.231336376	0.252032473	0.288639921
20221103	60	0.384119773	0.264623622	0.222615978	0.17471816	0.210933941	0.222965652	0.250022651	0.2816651
20221101	60	0.381352391	0.268991575	0.227994302	0.171025042	0.221374764	0.22592365	0.250396583	0.290840906
20221031	60	0.390530243	0.278299311	0.223991567	0.173331171	0.207319095	0.229497759	0.247165162	0.265285904
20221028	60	0.351787159	0.241853929	0.205863406	0.156066311	0.211441626	0.222232598	0.252750458	0.293618596
20221027	60	0.348789393	0.246993854	0.201837735	0.156527522	0.207919771	0.226496875	0.250621227	0.291230757
20221026	60	0.343614464	0.24056629	0.203016737	0.159405317	0.209124727	0.214696876	0.249116031	0.305060696
20221025	60	0.338406035	0.245633569	0.203375964	0.159500607	0.209842411	0.213755134	0.245172808	0.305537326
20221024	60	0.380704728	0.265802196	0.218396725	0.167080137	0.208013115	0.212811508	0.248441629	0.295956119
20221021	60	0.350751206	0.245112904	0.201521764	0.15467867	0.190047937	0.215484605	0.249197331	0.281204605
20221020	60	0.371037515	0.267049296	0.211610756	0.154647386	0.195019173	0.226463671	0.249090573	0.265267755
20221019	60	0.410365975	0.286246014	0.23437603	0.177859616	0.209749645	0.225193691	0.261952698	0.293494371
20221018	60	0.457036726	0.328369428	0.261433195	0.191021915	0.212435304	0.228949788	0.255325537	0.296728843
20221017	60	0.455221122	0.316997275	0.264777091	0.193046702	0.207110447	0.22304087	0.264210494	0.285016244
20221014	60	0.439957877	0.303153602	0.252137489	0.17664457	0.212558815	0.222469074	0.246477991	0.281745762
20221013	60	0.194470973	0.135366234	0.12055495	0.10843265	0.174008559	0.194329268	0.229302406	0.299167593
20221012	60	0.194676189	0.135350308	0.121969495	0.108884547	0.180515952	0.197434708	0.230482898	0.285067827
20221011	60	0.184485097	0.125975208	0.112812616	0.101123593	0.163064823	0.196367355	0.226314977	0.264847495
20221010	60	0.17798847	0.124273612	0.107162405	0.0920366426	0.148830065	0.18292654	0.226829527	0.250816538
20221007	60	0.188601877	0.130966231	0.115129783	0.0979233257	0.154535972	0.18903938	0.210329306	0.248283252
20221006	60	0.189416222	0.126839679	0.111079445	0.0988543486	0.157977603	0.188004893	0.212672789	0.256837244
20221005	60	0.184908848	0.128220896	0.113781469	0.0984598015	0.159080217	0.182882372	0.214787166	0.245578945
20221004	60	0.171702641	0.12081906	0.105036551	0.0974325364	0.165519331	0.185473129	0.201175088	0.237717459
20221003	60	0.186441972	0.127762772	0.11500691	0.0961428963	0.153107742	0.171240232	0.193836714	0.235480091
20220930	60	0.179406173	0.127770368	0.109502367	0.0957999069	0.148140057	0.167669123	0.185467081	0.230446438
20220929	60	0.200684049	0.139846937	0.118539105	0.0950662835	0.133452015	0.168792643	0.176098563	0.172555222
20220928	60	0.205261038	0.142212614	0.118704574	0.0921646535	0.13615649	0.167363747	0.183805587	0.174999303
20230929	75	0.527122682	0.37379829	0.304589149	0.229190475	0.274122324	0.295227778	0.295534742	0.287553378
20230928	75	0.573545965	0.391166263	0.324785642	0.240253809	0.273866741	0.303424068	0.319113736	0.3374799
20230927	75	0.557914732	0.398238646	0.33336982	0.236819008	0.283404444	0.29985253	0.313412085	0.338126922
20230926	75	0.578640313	0.408791445	0.30905551	0.236820141	0.282055767	0.303449699	0.319089174	0.341634153
20230925	75	0.601470911	0.414780672	0.33319343	0.258589154	0.307591757	0.316168433	0.308766083	0.353634889
20230922	75	0.585671868	0.407077024	0.330984466	0.265800281	0.307567239	0.31609906	0.322148854	0.356424125
20230921	75	0.707104306	0.499278921	0.405341472	0.283850449	0.308560775	0.313356653	0.321724743	0.332472747
20230920	75	0.717603275	0.50357175	0.403468422	0.282993874	0.316257011	0.313235692	0.316241529	0.339804495
20230919	75	0.716031068	0.489392862	0.400629242	0.289014123	0.308104571	0.31624055	0.308593179	0.33071411
20230918	75	0.733940034	0.496993069	0.404121718	0.285492023	0.309416934	0.318618784	0.31306386	0.32615645
20230915	75	0.719117395	0.496240442	0.400953726	0.281202372	0.30741752	0.319647972	0.324396666	0.319578976
20230914	75	0.705293612	0.487595693	0.399314084	0.282378147	0.308935336	0.312655457	0.312697348	0.330501829
20230913	75	0.656597886	0.461500896	0.361416511	0.261426008	0.286012453	0.300531096	0.309957329	0.329146131
20230912	75	0.65795165	0.458162076	0.368077977	0.264953596	0.287857487	0.286982019	0.301584507	0.331280159
20230911	75	0.64823664	0.451558539	0.347219355	0.260168231	0.299045686	0.286429864	0.330214591	0.386619362
20230908	75	0.570703117	0.386989081	0.322038384	0.222163627	0.249594974	0.26766112	0.280213563	0.290754144
20230907	75	0.570493552	0.379961395	0.318967287	0.227416465	0.248351386	0.271101334	0.280393575	0.288199436
20230906	75	0.560617328	0.378731033	0.30997071	0.22476271	0.250245214	0.245397797	0.278822205	0.324503582
20230905	75	0.541017579	0.380973144	0.29996867	0.226128715	0.247774559	0.251750769	0.284120452	0.326569525
20230904	75	0.551340428	0.384052108	0.305562905	0.221153244	0.253254285	0.251519514	0.274632834	0.332431216
20230901	75	0.551440479	0.386131198	0.310900954	0.224019042	0.24625032	0.24384305	0.275007809	0.328002817
20230831	75	0.533999955	0.380332645	0.308949416	0.219017829	0.255863513	0.246414306	0.280801682	0.315494856
20230830	75	0.542721937	0.379716329	0.311490303	0.217309021	0.24480184	0.250737193	0.277602174	0.319364248
20230829	75	0.533312654	0.367884996	0.294113899	0.215836573	0.245181345	0.246485681	0.28093482	0.331128296
20230828	75	0.530029594	0.364513825	0.298648691	0.223236547	0.245367513	0.247930696	0.279776709	0.324377363
20230825	75	0.548641862	0.37104195	0.3025118	0.215778039	0.246381979	0.24990208	0.285441301	0.31309106
20230824	75	0.487124909	0.344078991	0.271906575	0.214004265	0.241581496	0.251669293	0.278164486	0.326412786
20230823	75	0.494389162	0.333634773	0.274960078	0.204753895	0.241774444	0.25181887	0.275212473	0.316384835
20230822	75	0.511594651	0.335388184	0.276460917	0.204672193	0.234835088	0.250035289	0.270345206	0.315306748
20230821	75	0.489372184	0.336514944	0.271273493	0.207007731	0.238812711	0.24352392	0.278362374	0.335857579
20230818	75	0.496479414	0.332995839	0.2878072	0.205276885	0.241065858	0.246180904	0.250344534	0.274623089
20230817	75	0.492571667	0.336326084	0.279440737	0.206353746	0.249275948	0.24334962	0.249944882	0.275491511
20230816	75	0.491394933	0.340939627	0.269954261	0.207921495	0.2488208	0.244570296	0.249821509	0.276102842
20230815	75	0.508908698	0.335412817	0.275850111	0.205632947	0.24144664	0.239955818	0.251930715	0.265350408
20230814	75	0.447213479	0.310956693	0.25589165	0.199701559	0.237213436	0.229975111	0.247233606	0.290221078
20230811	75	0.418430542	0.285528501	0.23348059	0.180551072	0.231861178	0.236014863	0.257915668	0.308389634
20230810	75	0.417034688	0.293185418	0.238593953	0.18008305	0.233648204	0.228358895	0.261215501	0.293947564
20230809	75	0.416079546	0.288590859	0.230955926	0.186661073	0.230202607	0.231959226	0.253143745	0.297786236
20230808	75	0.430745255	0.298443577	0.240824149	0.183409042	0.215412038	0.240764326	0.256409298	0.278728968
20230807	75	0.393059976	0.264625619	0.220830855	0.165208234	0.21355286	0.237303829	0.257455451	0.296897004
20230804	75	0.385835955	0.257445623	0.215004834	0.167690739	0.219778096	0.230607623	0.260449479	0.297686007
20230803	75	0.371982825	0.254208984	0.216036683	0.168217294	0.223384219	0.219045238	0.255913093	0.318848451
20230802	75	0.375851149	0.264477293	0.220089264	0.16696165	0.220778233	0.225794835	0.255318149	0.3181997
20230801	75	0.410320372	0.284792627	0.234509245	0.180362634	0.218580529	0.218799971	0.259355996	0.304953807
20230731	75	0.390061784	0.266125033	0.216806459	0.161563713	0.200876606	0.22136717	0.261351968	0.286257333
20230728	75	0.399184981	0.281206632	0.225156426	0.166025525	0.197608541	0.233110358	0.262259828	0.27019429
20230727	75	0.4408791	0.321187862	0.254157418	0.191160823	0.22113067	0.235997786	0.269901747	0.29792285
20230726	75	0.505779002	0.361053074	0.285064305	0.200337461	0.219686153	0.233905659	0.272107337	0.297639779
20230725	75	0.525995855	0.354175322	0.280848367	0.200402825	0.218937871	0.228368478	0.25992822	0.296095942
20230724	75	0.487814127	0.331590022	0.269480634	0.198444872	0.220353083	0.235171908	0.254603792	0.290214365
20230721	75	0.213896337	0.146089783	0.12937218	0.111561898	0.182309913	0.205293921	0.243007014	0.29227041
20230720	75	0.215391118	0.147730931	0.123991317	0.112544833	0.184593278	0.19947424	0.233494279	0.28426888
20230719	75	0.208629951	0.137287132	0.11618219	0.104747137	0.178622852	0.199755792	0.230997332	0.273454645
20230718	75	0.200165135	0.133542794	0.114975304	0.0956765393	0.155804359	0.196832165	0.230723159	0.262766517
20230717	75	0.205768671	0.141373194	0.124632978	0.10249663	0.159971588	0.193558485	0.218578264	0.263847613
20230714	75	0.208648462	0.136480476	0.11635122	0.10441451	0.164828021	0.191387504	0.223248638	0.262424284
20230713	75	0.202298067	0.135056526	0.11813659	0.099845797	0.172249631	0.192310448	0.217739118	0.24552301
20230712	75	0.186918398	0.125653028	0.111350981	0.103382649	0.170956242	0.197413173	0.202606709	0.238477597
20230711	75	0.210050771	0.139638423	0.118060593	0.100598058	0.157149518	0.174995059	0.197219775	0.245854215
20230710	75	0.202232986	0.134077391	0.113869701	0.100829796	0.151388765	0.173874268	0.199231282	0.228035616
20230707	75	0.226312548	0.144611237	0.122614752	0.0991082989	0.145737851	0.169691641	0.177235162	0.177700332
20230706	75	0.220943283	0.149972355	0.124876443	0.0985719528	0.144302509	0.174696172	0.184798385	0.185085104
20230705	75	0.220957825	0.15226257	0.125778851	0.0994640672	0.144525981	0.175456606	0.184060342	0.184649604
20230704	75	0.217549835	0.14898461	0.128485774	0.0990940221	0.138556588	0.177153629	0.191039142	0.181606925
20230703	75	0.220831672	0.161508861	0.126773391	0.0944279243	0.13049905	0.163035715	0.174591069	0.174134566
20230630	75	0.222993939	0.153318851	0.127969887	0.0962453932	0.135334178	0.163754262	0.175666906	0.169742474
20230629	75	0.220292979	0.153271466	0.130065076	0.0977136057	0.134611942	0.161126422	0.179015737	0.176990679
20230628	75	0.223060087	0.150634462	0.126439424	0.097869444	0.129989533	0.168289952	0.179135678	0.175440817
20230627	75	0.23089158	0.157078759	0.131814409	0.0953117384	0.127923922	0.168141178	0.177766353	0.170410495
20230626	75	0.247812246	0.171005273	0.132784016	0.0963838087	0.116799635	0.159717014	0.179438083	0.154777824
20230623	75	0.24615037	0.165650953	0.137934296	0.108787789	0.137912886	0.172390289	0.185893245	0.172014266
20230622	75	0.242720999	0.167817327	0.140048559	0.101622212	0.137331152	0.169749842	0.184701473	0.171515774
20230621	75	0.228965014	0.160557795	0.13469059	0.100794583	0.139128318	0.171604668	0.190914391	0.199505181
20230620	75	0.292521462	0.196599832	0.160241555	0.122210015	0.154255181	0.178031823	0.191084065	0.199437627
20230619	75	0.279006299	0.198513325	0.157436647	0.11842711	0.154662692	0.1770677	0.194268339	0.193499049
20230616	75	0.288232341	0.197613187	0.160558558	0.118041111	0.157714638	0.18041389	0.19326771	0.205659361
20230615	75	0.298775466	0.204978161	0.168944306	0.120814022	0.144614101	0.179741324	0.197608933	0.182504269
20230614	75	0.296866739	0.211258833	0.170570553	0.120277598	0.150768119	0.182704785	0.195724001	0.182657315
20230613	75	0.306602726	0.205840747	0.164620447	0.119449524	0.146834563	0.173771002	0.194080028	0.191378286
20230612	75	0.268624813	0.187590586	0.15847607	0.121758606	0.162420116	0.191074424	0.193747468	0.204759996
20230609	75	0.268695238	0.18558996	0.155303756	0.119353563	0.162091032	0.185240234	0.194075955	0.206966606
20230608	75	0.27373548	0.189295541	0.154293021	0.124060189	0.163088203	0.18329608	0.196840615	0.196342667
20230607	75	0.267188615	0.183072189	0.155480321	0.120540094	0.165936442	0.18027779	0.198376892	0.214792538
20230606	75	0.284018855	0.196009613	0.159906735	0.119666936	0.156055831	0.181791631	0.203306923	0.216062059
20230605	75	0.286240783	0.198372473	0.15925671	0.122731759	0.160422544	0.180352233	0.216170752	0.261487344
20230602	75	0.345938911	0.238420998	0.186345805	0.139764283	0.162314171	0.187075089	0.219571608	0.246514675
20230601	75	0.335046103	0.229070018	0.186552385	0.13864996	0.169976721	0.187221648	0.233337829	0.271176392
20230531	75	0.328989706	0.225663026	0.195563124	0.136188777	0.164358433	0.201025098	0.22582836	0.243694521
20230530	75	0.327345992	0.228160834	0.183688953	0.133618915	0.169452858	0.205888574	0.237181721	0.250294757
20230529	75	0.328338271	0.217053606	0.183833873	0.136193222	0.165138759	0.204256636	0.229903873	0.240616966
20230526	75	0.369784686	0.250684991	0.201437164	0.136965303	0.156045646	0.202439307	0.233207247	0.229409919
20230525	75	0.374621596	0.262177208	0.207158203	0.147495078	0.176678941	0.207856015	0.247097698	0.250777451
20230524	75	0.368026179	0.259872111	0.20797817	0.146012999	0.17305445	0.214647723	0.240516035	0.234113555
20230523	75	0.370648761	0.248798425	0.207868352	0.148096167	0.176636696	0.210512989	0.24048917	0.238089032
20230522	75	0.376599623	0.257923046	0.206904359	0.152847486	0.180286827	0.217938258	0.241259942	0.247836882
20230519	75	0.372116007	0.254125329	0.208782289	0.155424925	0.200242782	0.229064991	0.237973077	0.25626697
20230518	75	0.375866293	0.264183387	0.212031231	0.157313732	0.194598644	0.227363968	0.250673311	0.272120656
20230517	75	0.36531271	0.2607463	0.20800774	0.158150344	0.202954094	0.223238531	0.249560206	0.2655092
20230516	75	0.372734846	0.255530159	0.209747026	0.159957026	0.202471702	0.224013963	0.24545326	0.265045296
20230515	75	0.382926992	0.264575264	0.218502845	0.161775027	0.196782223	0.22649645	0.250028219	0.263750216
20230512	75	0.387181	0.265281361	0.215577049	0.160607557	0.202086005	0.227792892	0.249795068	0.254138178
20230511	75	0.374291201	0.26233037	0.213885163	0.160931275	0.203888236	0.228627516	0.23995874	0.260859379
20230510	75	0.541347243	0.376392146	0.304712768	0.229605146	0.272465833	0.295515257	0.300472138	0.290442003
20230509	75	0.556163145	0.403995019	0.323516713	0.237793928	0.29046028	0.306225781	0.310241581	0.335684422
20230508	75	0.57729778	0.40147987	0.32039413	0.234389013	0.291977888	0.301100979	0.320983628	0.348014962
20230505	75	0.565633533	0.389005626	0.325656586	0.234049254	0.287007487	0.300210226	0.315964898	0.336838929
20230504	75	0.606351493	0.407675182	0.343381487	0.255143622	0.308942501	0.308123803	0.321420553	0.349141138
20230503	75	0.612145107	0.401438304	0.335760711	0.256227087	0.325064586	0.307898044	0.316355497	0.351666313
20230502	75	0.692941512	0.483193344	0.384117065	0.283899968	0.309404203	0.317038325	0.314096565	0.325650322
20230428	75	0.699405629	0.49993853	0.402279845	0.288934556	0.311576077	0.31701753	0.319148465	0.33614508
20230427	75	0.720117937	0.492931387	0.396634325	0.28076401	0.312584449	0.310258135	0.32523356	0.34521243
20230426	75	0.718796496	0.491851646	0.406499311	0.2937003	0.309585557	0.302796345	0.323595021	0.332476685
20230425	75	0.722314058	0.515491251	0.398917124	0.283568173	0.312812144	0.314541221	0.308308816	0.334583038
20230424	75	0.715657524	0.488129637	0.397102604	0.287747945	0.316141368	0.311145166	0.317667114	0.326839161
20230421	75	0.654119734	0.439683464	0.367517959	0.25784387	0.291840549	0.29564588	0.303733031	0.325869112
20230420	75	0.652857395	0.440956109	0.364931803	0.265551586	0.27963083	0.288151405	0.30350029	0.339084143
20230419	75	0.642665833	0.447731927	0.357714842	0.256295634	0.28447749	0.290648095	0.334318138	0.376169748
20230418	75	0.560229828	0.384904486	0.313155142	0.218026166	0.245226088	0.262549064	0.278755357	0.282112424
20230417	75	0.566422502	0.377883883	0.306717872	0.222582313	0.242705878	0.267697281	0.271403887	0.287147059
20230414	75	0.562080988	0.388944324	0.304662485	0.221182231	0.253939558	0.249558654	0.288708061	0.323111943
20230413	75	0.552865079	0.378577887	0.29804157	0.223018434	0.246040721	0.252431688	0.277170217	0.321203472
20230412	75	0.567175959	0.382574971	0.302429243	0.222573385	0.24883165	0.248397405	0.279837975	0.327513314
20230411	75	0.554236789	0.382525818	0.306973068	0.227572951	0.248485905	0.258131546	0.284392759	0.321988197
20230410	75	0.544766283	0.371813604	0.300696477	0.224138505	0.246178995	0.247964134	0.286424577	0.332725072
20230405	75	0.553261626	0.386095268	0.301664827	0.221920836	0.240722292	0.253670407	0.280354084	0.32363221
20230404	75	0.547846727	0.371727096	0.297416505	0.212013756	0.250381448	0.249726469	0.276387166	0.325672127
20230403	75	0.534720926	0.382071967	0.302129026	0.221528405	0.240351686	0.24625416	0.280434463	0.32625334
20230331	75	0.539306729	0.365027712	0.301515541	0.217730673	0.241037097	0.253895593	0.27479674	0.322614206
20230330	75	0.502113627	0.351636591	0.275305332	0.21138024	0.240794355	0.253149674	0.276420468	0.314558131
20230329	75	0.486164594	0.344769766	0.273033451	0.212506307	0.235739417	0.246799375	0.280506971	0.325459924
20230328	75	0.507515674	0.344133339	0.268552334	0.201273861	0.248261652	0.248131062	0.278922611	0.32340198
20230327	75	0.505448584	0.339765109	0.289630579	0.204885692	0.23485865	0.236566775	0.277925511	0.343913209
20230324	75	0.495803591	0.350038657	0.274926928	0.21063912	0.244637109	0.243345832	0.247078418	0.284975101
20230323	75	0.499508404	0.344670608	0.271740816	0.201709193	0.233743668	0.243043879	0.250826285	0.279625078
20230322	75	0.486259442	0.330087001	0.274789466	0.208168032	0.237708255	0.235864573	0.249539582	0.285197204
20230321	75	0.480286203	0.341848492	0.278339159	0.2080286	0.242356241	0.238382948	0.24865416	0.279352158
20230317	75	0.467303692	0.321247825	0.263082802	0.193303087	0.241118016	0.231006	0.246371994	0.296820732
20230316	75	0.424697293	0.286300626	0.23884158	0.181755761	0.224948603	0.235542054	0.255842039	0.300332885
20230315	75	0.417795324	0.289391322	0.237740444	0.183892068	0.224698524	0.233850806	0.258530953	0.307264812
20230314	75	0.422302466	0.296459991	0.233015425	0.1858994	0.224587575	0.234517459	0.252302968	0.295014347
20230313	75	0.438651731	0.303728714	0.242789322	0.179715741	0.217553875	0.235819195	0.260832485	0.289788903
20230310	75	0.385857653	0.257687916	0.220587882	0.170821812	0.21424603	0.224436124	0.260772456	0.294989233
20230309	75	0.396088695	0.260096773	0.214197088	0.167493597	0.22295564	0.228373046	0.251909784	0.296259768
20230308	75	0.36656077	0.264231836	0.212671125	0.167138647	0.219086347	0.222817628	0.260548489	0.313917253
20230307	75	0.378157154	0.262477283	0.217680212	0.170207707	0.22113176	0.224312095	0.258956192	0.311291753
20230306	75	0.416524243	0.289378765	0.233224183	0.181157674	0.216682883	0.226789167	0.259546285	0.30563314
20230303	75	0.387385802	0.261468776	0.209940168	0.16414058	0.199367607	0.22313292	0.261852112	0.277220377
20230302	75	0.402410496	0.278586936	0.224408429	0.163425717	0.195605439	0.228417199	0.275713385	0.265680242
20230301	75	0.445761444	0.307674313	0.250911692	0.188926362	0.217877071	0.232661933	0.268461078	0.306582457
20230228	75	0.513070064	0.346305751	0.283515309	0.205834937	0.220817083	0.2291631	0.264494893	0.300168281
20230227	75	0.503932809	0.363721117	0.285723983	0.203405924	0.219748576	0.230066314	0.268851145	0.293430292
20230224	75	0.480402326	0.335746541	0.272314276	0.196224267	0.223166383	0.240577274	0.256427193	0.28053035
20230223	75	0.215251316	0.142576789	0.127966191	0.111995181	0.186854804	0.201380717	0.238443935	0.296747247
20230222	75	0.212232826	0.147301398	0.126108964	0.114661218	0.18951038	0.210076326	0.232278312	0.283410024
20230221	75	0.20330287	0.135849592	0.121076374	0.108425507	0.173932815	0.207887654	0.232457943	0.271932881
20230220	75	0.198085805	0.133555091	0.114357401	0.0956449897	0.155755837	0.192201054	0.239189928	0.260743527
20230217	75	0.209957489	0.14241705	0.119251901	0.0990552064	0.157472225	0.19347162	0.218889605	0.262794567
20230216	75	0.198248629	0.134215444	0.117192064	0.105270326	0.164066479	0.197684507	0.22892236	0.263917154
20230215	75	0.197857346	0.137385159	0.116655032	0.105690541	0.166249932	0.191160539	0.21437324	0.247398375
20230214	75	0.191101165	0.126968425	0.111674002	0.102947373	0.174572655	0.189888356	0.205031256	0.2432181
20230213	75	0.201068122	0.133964747	0.121791033	0.10025655	0.159318814	0.174379175	0.197015124	0.240482995
20230210	75	0.203092774	0.13328751	0.115881375	0.0996814025	0.156423015	0.173566904	0.197256465	0.236655152
20230209	75	0.218749868	0.153460915	0.124336616	0.100249179	0.145168771	0.175410684	0.181219789	0.174918229
20230208	75	0.225290887	0.14856141	0.125538682	0.0994889096	0.140256451	0.171784876	0.181757269	0.187285804
20230207	75	0.225329127	0.152029619	0.130560563	0.100220364	0.142914208	0.175392644	0.186193748	0.18584049
20230203	75	0.221000001	0.151921501	0.128057855	0.0982697488	0.142894792	0.171815447	0.186097813	0.187491715
20230202	75	0.21901218	0.154770285	0.129571574	0.096536927	0.133851488	0.164376478	0.180128591	0.171980189
20230201	75	0.220579155	0.158028965	0.12448202	0.0983684209	0.134346342	0.167503203	0.178105564	0.169938356
20230131	75	0.213981165	0.152664981	0.123432035	0.0948338841	0.134558998	0.167123007	0.177021885	0.173485044
20230130	75	0.229499701	0.15534222	0.128921435	0.0972244115	0.132149997	0.164031713	0.181563601	0.173291697
20230127	75	0.230575254	0.160193999	0.125630847	0.0967230402	0.126453813	0.163986378	0.17670343	0.172093337
20230126	75	0.250845479	0.169497094	0.140091828	0.0957481176	0.119584368	0.159121171	0.175624379	0.154561564
20230125	75	0.248939835	0.172308231	0.137048023	0.103293563	0.134603232	0.171836492	0.183733894	0.172699604
20230124	75	0.233950307	0.169536351	0.138173741	0.100690633	0.135336819	0.17233715	0.184879233	0.172469908
20230123	75	0.226541187	0.162834869	0.128619101	0.101818594	0.139274963	0.173296373	0.193164137	0.197358753
20230120	75	0.278821896	0.201363823	0.15861322	0.122880493	0.157156878	0.181621291	0.188826618	0.194744016
20230119	75	0.294061693	0.196481769	0.160740843	0.119243421	0.158602732	0.178680734	0.189066114	0.195240189
20230118	75	0.279247423	0.194258419	0.157680323	0.124355584	0.157916402	0.180744749	0.197693308	0.206393216
20230117	75	0.29975004	0.209271152	0.16936233	0.122006297	0.150394649	0.185395177	0.192615662	0.190426684
20230116	75	0.302486723	0.208440139	0.167551307	0.121438327	0.145936806	0.17710126	0.196718782	0.186983327
20230113	75	0.302126858	0.206195441	0.169378358	0.124192638	0.147422589	0.187711357	0.19789003	0.194416728
20230112	75	0.273990808	0.188606057	0.156733953	0.119731093	0.167304752	0.186160676	0.196410547	0.20314437
20230111	75	0.275826391	0.187761365	0.156549578	0.120286893	0.164388991	0.186649688	0.194225191	0.197952903
20230110	75	0.279276063	0.18710206	0.15701998	0.120017785	0.163930991	0.183873961	0.19132805	0.202224004
20230109	75	0.266776417	0.18602544	0.152362601	0.119904923	0.158744314	0.183567918	0.202423538	0.221811878
20230106	75	0.282039875	0.199535466	0.163178083	0.123875747	0.152708149	0.182572987	0.204166334	0.220091783
20230105	75	0.28846449	0.198748331	0.160143736	0.120155173	0.161973832	0.178970059	0.210796128	0.25534093
20230104	75	0.351415383	0.241976934	0.191313939	0.138046831	0.166338971	0.186383757	0.219893538	0.245070123
20230103	75	0.334836238	0.225165229	0.190969267	0.139916032	0.16858223	0.186637771	0.233576558	0.269016935
20230102	75	0.3361141	0.227721893	0.185221353	0.13937002	0.171777042	0.205264033	0.231611221	0.242046111
20221230	75	0.316860777	0.225792914	0.175566292	0.137135804	0.169203629	0.204108404	0.232222333	0.250877485
20221229	75	0.33641366	0.231752996	0.180938528	0.135928973	0.163767824	0.205425885	0.242000172	0.245182729
20221228	75	0.368702904	0.257079056	0.20031511	0.134460152	0.157687516	0.202725277	0.234490614	0.224333718
20221227	75	0.372326908	0.259498458	0.211109739	0.14943625	0.170883853	0.215434094	0.246944728	0.243828014
20221226	75	0.373436913	0.254919446	0.205743974	0.149864529	0.17157909	0.207474927	0.232248276	0.236895075
20221223	75	0.371649394	0.258133566	0.205441255	0.147623752	0.175872892	0.216614466	0.245406147	0.241000982
20221222	75	0.379396402	0.249247998	0.207917553	0.152126522	0.183269922	0.222608644	0.248788279	0.241681102
20221221	75	0.363467532	0.254662819	0.205248827	0.153834352	0.197858719	0.226347214	0.243380223	0.26032139
20221220	75	0.370097561	0.266373189	0.215502	0.159855507	0.203028072	0.223157402	0.249527377	0.271548717
20221219	75	0.369253787	0.252943094	0.206112916	0.1616423	0.206515917	0.229540781	0.247070963	0.264670637
20221216	75	0.374707127	0.252262994	0.207825263	0.16002182	0.202386824	0.225146867	0.248805848	0.266261384
20221215	75	0.375720442	0.261646601	0.220018903	0.157112427	0.200968379	0.229437848	0.248007604	0.261431317
20221214	75	0.389241124	0.273008366	0.224462541	0.161384247	0.198982269	0.231462104	0.241624562	0.2492374
20221213	75	0.376269077	0.257843181	0.215027869	0.162881764	0.204933193	0.230241424	0.239184421	0.25006749
20221209	75	0.713068845	0.49039734	0.401349383	0.283756669	0.304188205	0.313577262	0.326732347	0.329907305
20221208	75	0.646933333	0.443748958	0.363924803	0.258717562	0.285916453	0.294084126	0.309954677	0.318973925
20221207	75	0.644969556	0.451131796	0.357640719	0.257012918	0.299570306	0.299987079	0.304501274	0.331829401
20221206	75	0.644878022	0.451713688	0.353816016	0.259378612	0.290846391	0.290400059	0.325643197	0.393656321
20221205	75	0.560623272	0.390815405	0.310005043	0.225509651	0.244858214	0.265245916	0.283722318	0.284737971
20221202	75	0.560341776	0.39095027	0.322824854	0.224858108	0.249498624	0.267170259	0.278016097	0.287521684
20221201	75	0.559607278	0.380029558	0.308282493	0.224553522	0.247730093	0.243731905	0.278966209	0.331078029
20221130	75	0.534115483	0.37891682	0.309626476	0.2200209	0.241092251	0.244923009	0.277066538	0.326095207
20221129	75	0.545295535	0.388513663	0.29107986	0.226954193	0.249478776	0.24402717	0.290515146	0.335952061
20221128	75	0.549840529	0.385461084	0.302562773	0.225404721	0.251238311	0.249625472	0.284508395	0.325770602
20221125	75	0.529590044	0.378146111	0.303409532	0.218558053	0.248031349	0.250452554	0.273889959	0.319216541
20221124	75	0.547631958	0.375640658	0.29651117	0.221245716	0.250523309	0.25285913	0.287078759	0.318669066
20221123	75	0.537829692	0.366378323	0.299977186	0.220636462	0.250896232	0.243437172	0.279015732	0.32166178
20221122	75	0.544733433	0.36839791	0.293208324	0.216239375	0.240878853	0.242910647	0.276198791	0.323100111
20221118	75	0.547101936	0.365991376	0.298564992	0.212127791	0.23690654	0.248243083	0.27271579	0.328291151
20221117	75	0.508006836	0.337840503	0.284934693	0.205989643	0.241965095	0.252087028	0.278816782	0.326357069
20221116	75	0.487197278	0.3345691	0.279100465	0.204578827	0.2396657	0.24279926	0.271438507	0.319014695
20221115	75	0.491695763	0.336338905	0.276400234	0.203925259	0.237439825	0.24098943	0.277578094	0.325445553
20221114	75	0.498945142	0.341902047	0.278509083	0.209924093	0.240706018	0.242353873	0.28005216	0.329598378
20221111	75	0.479899047	0.344561034	0.275705901	0.211586183	0.238422679	0.247379634	0.251978314	0.277762025
20221110	75	0.497475775	0.350816133	0.267222415	0.206064733	0.242589165	0.245937642	0.257095279	0.273474909
20221109	75	0.49325867	0.336664893	0.280997291	0.213930507	0.242179464	0.245459032	0.253493236	0.289533674
20221108	75	0.490957446	0.335142615	0.276950744	0.202902206	0.242105364	0.248597574	0.251686206	0.280142837
20221107	75	0.459368976	0.311116279	0.26619532	0.196489648	0.229071206	0.234678443	0.255998611	0.297966799
20221104	75	0.41740547	0.292842213	0.236567271	0.178766978	0.225476016	0.234820874	0.255061709	0.302053945
20221103	75	0.432058887	0.289989754	0.238980214	0.184378373	0.224582454	0.230065253	0.258188868	0.297959263
20221101	75	0.420852628	0.289691613	0.244021689	0.179951806	0.226021348	0.233349471	0.250455531	0.304152411
20221031	75	0.433736708	0.301462532	0.243625709	0.178267323	0.220898488	0.233631078	0.258954467	0.286350389
20221028	75	0.384455583	0.265045295	0.217958126	0.166584722	0.224067279	0.230371071	0.257522459	0.300266083
20221027	75	0.376307827	0.262956343	0.218523335	0.17089095	0.21277501	0.228568039	0.252171616	0.299650194
20221026	75	0.370196795	0.251773227	0.212636201	0.169913604	0.214834387	0.218398571	0.261174495	0.319936915
20221025	75	0.377171226	0.259250892	0.212509352	0.165790814	0.217332329	0.22702642	0.258705668	0.312158965
20221024	75	0.419229319	0.284223444	0.234698101	0.178440267	0.217855542	0.218017638	0.255243896	0.31002212
20221021	75	0.384052649	0.266073121	0.213537447	0.162781753	0.198082728	0.222840264	0.259858905	0.286818063
20221020	75	0.40225936	0.279956868	0.220468354	0.165701218	0.203400055	0.234313092	0.270625739	0.283732514
20221019	75	0.461428863	0.306849235	0.252100354	0.185709561	0.213551008	0.239121793	0.271141966	0.304312494
20221018	75	0.503181547	0.35004488	0.279210801	0.202612136	0.223807806	0.240084792	0.26130602	0.302542426
20221017	75	0.514302667	0.346754228	0.280956189	0.203695329	0.222187904	0.232794753	0.269206961	0.295646976
20221014	75	0.481992818	0.333354995	0.265478283	0.194462211	0.22650307	0.23312894	0.259186801	0.284267206
20221013	75	0.212616977	0.145798613	0.123131987	0.113253388	0.189406664	0.204138437	0.230258893	0.298655569
20221012	75	0.217668817	0.144345172	0.123106687	0.113457829	0.179927589	0.207387869	0.237213678	0.289768158
20221011	75	0.205105128	0.135102053	0.117981483	0.107756545	0.174903959	0.204482546	0.231990711	0.273725221
20221010	75	0.195175068	0.134183308	0.113326956	0.0952123711	0.157411597	0.192068985	0.234320298	0.25809417
20221007	75	0.210740197	0.138577092	0.116899748	0.102003585	0.162213454	0.192240265	0.229311338	0.260790796
20221006	75	0.201860084	0.13692105	0.1179017	0.0992859237	0.163881198	0.192472471	0.23032659	0.26613227
20221005	75	0.204406728	0.134124361	0.118331625	0.103296136	0.165786837	0.193071796	0.215695077	0.248218741
20221004	75	0.185678513	0.1289144	0.109345496	0.100654493	0.171276931	0.191881888	0.207315677	0.233466033
20221003	75	0.198687673	0.137485094	0.115434021	0.102208299	0.160457281	0.181156514	0.198033052	0.235141085
20220930	75	0.197165356	0.137884927	0.113716795	0.0997718224	0.15266605	0.172100053	0.197552029	0.23150136
20220929	75	0.220242983	0.14902301	0.12571166	0.0982403975	0.147435932	0.173638898	0.185721815	0.174806961
20220928	75	0.219580817	0.152680114	0.125227136	0.0990726933	0.144973168	0.174684743	0.182526324	0.186077047
20230929	90	0.643868522	0.426130129	0.341471201	0.251311223	0.291536234	0.318595542	0.326608187	0.306425738
20230928	90	0.697424647	0.46117484	0.36130501	0.268699556	0.319988229	0.336119719	0.347051509	0.365208384
20230927	90	0.687078169	0.455711517	0.362656113	0.269770989	0.321753372	0.33524687	0.348585857	0.368334451
20230926	90	0.699966214	0.456361656	0.355515958	0.260740983	0.309028201	0.326427225	0.339125683	0.367328547
20230925	90	0.707917699	0.462562348	0.380639152	0.286308528	0.342425223	0.335165853	0.335492109	0.381199445
20230922	90	0.705873435	0.489221317	0.369491444	0.283919832	0.341013762	0.341427357	0.340827683	0.382893447
20230921	90	0.850437196	0.560625834	0.470428971	0.320336221	0.345319874	0.339078548	0.342262951	0.355351181
20230920	90	0.869500466	0.57480944	0.449261574	0.316668201	0.344001379	0.343870322	0.343885532	0.359604569
20230919	90	0.855615153	0.57790418	0.447884696	0.319576672	0.356280505	0.335831648	0.333128853	0.354601338
20230918	90	0.887621255	0.592981567	0.454215686	0.315923272	0.338977825	0.337618503	0.341657907	0.347696777
20230915	90	0.893004314	0.583060315	0.448682631	0.320619361	0.34612498	0.346768587	0.342049545	0.357618732
20230914	90	0.881126941	0.577831653	0.457213693	0.321074061	0.333292032	0.349640781	0.341540303	0.350594338
20230913	90	0.792058548	0.519434574	0.415284438	0.297527413	0.312773766	0.320585822	0.328944554	0.348353358
20230912	90	0.794077289	0.515369679	0.416816622	0.300518888	0.316979509	0.31863741	0.339423082	0.353910677
20230911	90	0.773435994	0.502734692	0.406380069	0.296683864	0.322832136	0.316740311	0.344321981	0.40764918
20230908	90	0.667443874	0.449750427	0.355355384	0.251440798	0.269937748	0.290442968	0.297375191	0.296844062
20230907	90	0.694716126	0.444838062	0.344815712	0.246650846	0.26740181	0.29541286	0.297468488	0.299601107
20230906	90	0.648118833	0.446937136	0.340880608	0.245892706	0.274552808	0.270297463	0.306243606	0.34975981
20230905	90	0.649753048	0.430839159	0.347105755	0.250790533	0.270719752	0.274141636	0.309521341	0.348973529
20230904	90	0.665504167	0.434190034	0.341528753	0.243576926	0.270175927	0.268199514	0.297754454	0.348944669
20230901	90	0.654146019	0.440945776	0.338614203	0.251538466	0.27000999	0.268872567	0.304676102	0.347358021
20230831	90	0.628126708	0.428430749	0.332691112	0.238363249	0.269377695	0.268611524	0.309957764	0.350693848
20230830	90	0.662078172	0.430964387	0.341213064	0.242282699	0.273429476	0.264519011	0.301588427	0.360572216
20230829	90	0.624782733	0.430170905	0.326939258	0.24799585	0.271607757	0.278886692	0.297648702	0.34542714
20230828	90	0.631546231	0.41523655	0.333610385	0.236578947	0.268867873	0.269488427	0.304567816	0.358386445
20230825	90	0.642653245	0.416268211	0.338233446	0.243089207	0.269322123	0.266176402	0.295970938	0.33835755
20230824	90	0.594268647	0.392196147	0.31202493	0.231268191	0.261973268	0.268559075	0.294347342	0.350046279
20230823	90	0.592363485	0.392367492	0.306003932	0.227779532	0.260709786	0.275326123	0.292223055	0.336943155
20230822	90	0.58044426	0.399375522	0.307429982	0.229727977	0.270734745	0.266132426	0.294846908	0.336610804
20230821	90	0.576618245	0.38823351	0.31125859	0.226774054	0.26244358	0.256408525	0.301807975	0.345268172
20230818	90	0.596338101	0.393288138	0.309506498	0.228469971	0.263601824	0.264591973	0.264497367	0.295539332
20230817	90	0.59583215	0.386686088	0.307357847	0.224920263	0.258379135	0.261742431	0.273088905	0.300182469
20230816	90	0.576394572	0.392053965	0.305783255	0.232300582	0.264335862	0.262897837	0.271137888	0.306853338
20230815	90	0.594314911	0.392871828	0.309801543	0.225317254	0.259573405	0.261679045	0.267097419	0.289793152
20230814	90	0.546180088	0.360541181	0.289748492	0.215401707	0.256375616	0.247883006	0.26785019	0.311759193
20230811	90	0.497398693	0.327076467	0.266302005	0.194547978	0.242028339	0.257815076	0.287847582	0.321988452
20230810	90	0.502289072	0.329794033	0.269078731	0.200071747	0.244503777	0.248775667	0.278442231	0.319026347
20230809	90	0.501923891	0.333809081	0.262683401	0.199954852	0.246466038	0.254195683	0.277290274	0.321299633
20230808	90	0.50495059	0.33548868	0.264032334	0.198989031	0.236504471	0.254973905	0.272090151	0.296872679
20230807	90	0.461518979	0.300678689	0.241514631	0.184592764	0.234807547	0.251787273	0.273683581	0.309407494
20230804	90	0.447360412	0.306429433	0.244647677	0.182856669	0.236743656	0.253667374	0.267235881	0.314808167
20230803	90	0.443677546	0.289251721	0.239450073	0.18867269	0.23588796	0.238155771	0.281565192	0.325473584
20230802	90	0.450850712	0.300068498	0.24049868	0.182471772	0.231090331	0.245860874	0.271764354	0.335113155
20230801	90	0.477185851	0.330172322	0.263668631	0.196082212	0.236237374	0.244299751	0.279321002	0.3243046
20230731	90	0.454448396	0.30410432	0.246568621	0.173477959	0.218201658	0.237001375	0.274179094	0.307073273
20230728	90	0.478287757	0.317238764	0.246643269	0.18437285	0.218835906	0.251395082	0.283296201	0.292589898
20230727	90	0.54196972	0.35917357	0.289913712	0.20497653	0.230588177	0.250364372	0.289658269	0.324314312
20230726	90	0.598672271	0.401397386	0.314142108	0.223392577	0.251580077	0.250947717	0.282916049	0.323950971
20230725	90	0.601750695	0.406095897	0.321866116	0.223314202	0.242774146	0.256461249	0.285165648	0.315576609
20230724	90	0.575871328	0.37168239	0.304089845	0.213562037	0.237086607	0.255113845	0.277250755	0.303098441
20230721	90	0.245813286	0.164426379	0.141238286	0.122767295	0.193872575	0.217350328	0.251703001	0.316537666
20230720	90	0.25335299	0.165779643	0.137442965	0.123742709	0.200847474	0.219337743	0.2533036	0.29838221
20230719	90	0.238728004	0.154151927	0.135793594	0.116119097	0.18648018	0.222974754	0.244656956	0.282669869
20230718	90	0.232274709	0.146253113	0.123083014	0.104810555	0.16634494	0.197789553	0.249026137	0.269137796
20230717	90	0.240881075	0.156335101	0.134294392	0.110310305	0.173463269	0.201651899	0.239040512	0.267365878
20230714	90	0.237314188	0.15085357	0.131339236	0.107689838	0.176479832	0.202464428	0.230751437	0.272217526
20230713	90	0.232515255	0.152716679	0.129055061	0.111612087	0.180932867	0.200883863	0.233613721	0.26349611
20230712	90	0.221111263	0.143647821	0.12622299	0.111614702	0.184786342	0.205260687	0.217385194	0.26307875
20230711	90	0.239776646	0.155361288	0.130229919	0.111345507	0.174130417	0.188439226	0.207388106	0.255964297
20230710	90	0.228540459	0.153601269	0.127626654	0.107772129	0.167933175	0.183912481	0.210915119	0.250111201
20230707	90	0.25598093	0.17012441	0.138628792	0.11045187	0.152646028	0.182045685	0.19065169	0.181690035
20230706	90	0.2570082	0.169133081	0.137859795	0.108728319	0.147297028	0.187373184	0.199164498	0.195328048
20230705	90	0.259275876	0.171406008	0.138974641	0.108884129	0.151467974	0.182341609	0.196859293	0.197409648
20230704	90	0.257647367	0.169564609	0.13801065	0.106635275	0.15491601	0.185147767	0.198186039	0.198144264
20230703	90	0.25973397	0.174511261	0.135883735	0.106196015	0.141411615	0.178226911	0.18282157	0.178783322
20230630	90	0.251500812	0.174544957	0.140436358	0.105490007	0.144043887	0.1786869	0.188093795	0.18040282
20230629	90	0.259589932	0.168638987	0.137899877	0.110037305	0.14268246	0.1789304	0.19056218	0.176806128
20230628	90	0.252915945	0.171788538	0.139968887	0.105510266	0.142271625	0.17642536	0.192146209	0.181153215
20230627	90	0.270850903	0.179929293	0.144207557	0.10624638	0.140743622	0.171459896	0.19402742	0.187848856
20230626	90	0.297685094	0.193216051	0.155018078	0.106409248	0.126668079	0.168047823	0.186430396	0.167428561
20230623	90	0.289090879	0.193125546	0.154175469	0.108937435	0.145487098	0.183496895	0.201043856	0.183009667
20230622	90	0.284081533	0.188102109	0.144388083	0.113702419	0.142947476	0.183079312	0.195487402	0.181843502
20230621	90	0.270444117	0.184549369	0.1467503	0.110185359	0.152856194	0.186608327	0.200613466	0.207231296
20230620	90	0.32571665	0.221094259	0.174608867	0.129843657	0.16613303	0.190652793	0.210678715	0.20793719
20230619	90	0.338815481	0.214524752	0.178218258	0.130685695	0.168085191	0.19275236	0.199409084	0.206768225
20230616	90	0.331482679	0.222519809	0.177073652	0.134384911	0.172102761	0.188788752	0.205407388	0.212979635
20230615	90	0.350865602	0.239664296	0.189817361	0.13217016	0.159229392	0.192813033	0.207144157	0.200237092
20230614	90	0.349217804	0.24387098	0.183996178	0.131879061	0.161088982	0.192390728	0.2099742	0.194501114
20230613	90	0.356488034	0.232346765	0.18631024	0.135034647	0.15478598	0.189734565	0.212499356	0.202077793
20230612	90	0.313058334	0.214965717	0.172454041	0.131778686	0.177729606	0.201729109	0.20314218	0.216968957
20230609	90	0.326116198	0.205240484	0.170949511	0.134225962	0.176883515	0.198492289	0.204364885	0.213185579
20230608	90	0.313314034	0.212435946	0.170343149	0.131585049	0.18093142	0.200192046	0.207371249	0.215293503
20230607	90	0.315013164	0.209618891	0.174087139	0.129729434	0.175521056	0.200510596	0.217456664	0.22841621
20230606	90	0.339233053	0.222412928	0.174466146	0.134043844	0.170213038	0.193388494	0.215337458	0.237209391
20230605	90	0.33928673	0.217159942	0.17982403	0.136595753	0.176140487	0.189695234	0.2341707	0.265665907
20230602	90	0.409574115	0.273329087	0.213018877	0.147073673	0.177090108	0.199553033	0.234943513	0.259909677
20230601	90	0.38786558	0.259401644	0.206745631	0.153673701	0.186160449	0.200131206	0.244493402	0.285275772
20230531	90	0.392101992	0.268648455	0.202680496	0.148258862	0.188632328	0.218455173	0.246896522	0.260885806
20230530	90	0.387773364	0.251165817	0.20935161	0.149374142	0.181179616	0.218532247	0.251438685	0.265730937
20230529	90	0.385167078	0.259393027	0.203724746	0.143762914	0.180251904	0.21530313	0.244996657	0.257053791
20230526	90	0.437011785	0.289429898	0.217224531	0.151736089	0.168458131	0.216387616	0.255094098	0.236385901
20230525	90	0.429340345	0.290292306	0.234088223	0.166458214	0.187711121	0.229322465	0.261782637	0.25950496
20230524	90	0.433263545	0.28690997	0.226640992	0.155288674	0.188771596	0.224765945	0.25779192	0.252107862
20230523	90	0.437313584	0.301414355	0.228878948	0.168345507	0.193906429	0.231461992	0.261437947	0.253891674
20230522	90	0.431738878	0.301766612	0.235002297	0.163587122	0.195507523	0.237329729	0.264910257	0.263877343
20230519	90	0.423163983	0.27671786	0.222062313	0.169028729	0.218426262	0.244124803	0.26433877	0.273334465
20230518	90	0.456660088	0.29448869	0.24839459	0.177793297	0.214721186	0.242310667	0.264860837	0.278809589
20230517	90	0.439431797	0.292630467	0.235444191	0.176163837	0.222353143	0.242161912	0.263916115	0.278859849
20230516	90	0.442132288	0.289432509	0.232056447	0.176177792	0.222628255	0.246639048	0.26749403	0.287232397
20230515	90	0.451186236	0.29227547	0.241126307	0.17562891	0.219385872	0.238536478	0.264589236	0.273974473
20230512	90	0.457658712	0.30010624	0.24055291	0.175819055	0.216441577	0.250317166	0.260870088	0.265974136
20230511	90	0.447400459	0.299801323	0.239432988	0.175021371	0.220555452	0.234624262	0.253042137	0.270773323
20230510	90	0.654156364	0.433343164	0.337832073	0.25139414	0.298445692	0.320596687	0.319906474	0.312395184
20230509	90	0.692638959	0.463414688	0.361331077	0.27341205	0.309791729	0.3223491	0.348470706	0.357949694
20230508	90	0.684888653	0.462488264	0.368285655	0.26844804	0.312177702	0.319727592	0.339910413	0.36750131
20230505	90	0.680993981	0.45128707	0.356336354	0.259167215	0.310005477	0.328728028	0.347490588	0.359985327
20230504	90	0.741003362	0.470351613	0.378210276	0.280179321	0.348877605	0.341589	0.346280853	0.377980439
20230503	90	0.706551915	0.470061203	0.38977762	0.293685346	0.344375621	0.345423057	0.342743144	0.373681385
20230502	90	0.857735776	0.561049537	0.445551165	0.30685536	0.352761198	0.345385565	0.34460963	0.368976256
20230428	90	0.873806756	0.579160206	0.456376533	0.322030023	0.332979011	0.343860129	0.338352199	0.352726555
20230427	90	0.859934348	0.568748398	0.45316432	0.328577948	0.344251773	0.339975052	0.349129512	0.355240607
20230426	90	0.877693158	0.565383956	0.460011211	0.318500791	0.338974232	0.341359123	0.346105004	0.353465713
20230425	90	0.903371503	0.582257916	0.461690802	0.319331661	0.346037864	0.334414516	0.343016069	0.347594563
20230424	90	0.854680201	0.568522932	0.463783125	0.309105073	0.33869719	0.345746268	0.341593969	0.351019086
20230421	90	0.795875018	0.523723078	0.410181476	0.296672829	0.313296911	0.318828559	0.326766674	0.346768796
20230420	90	0.776073527	0.525180448	0.405100322	0.290970707	0.31607255	0.318843172	0.334856081	0.358369249
20230419	90	0.769407592	0.515900811	0.403384614	0.277070412	0.321276811	0.316117013	0.345887829	0.400263026
20230418	90	0.677489653	0.45620795	0.354698243	0.246569153	0.276800544	0.289799923	0.305864929	0.298505155
20230417	90	0.66868722	0.442866414	0.349314684	0.245382106	0.268263695	0.287290198	0.30283728	0.296590394
20230414	90	0.662994919	0.440133836	0.353165804	0.252998993	0.28078345	0.276528332	0.299746354	0.347544703
20230413	90	0.66003043	0.441635316	0.34223365	0.246104546	0.27231814	0.271198222	0.304460878	0.35373165
20230412	90	0.681229184	0.442322577	0.332432092	0.246327092	0.273579785	0.268567161	0.311041144	0.347040617
20230411	90	0.656237044	0.432774127	0.351227559	0.244087809	0.268590064	0.269035464	0.302783415	0.346344267
20230410	90	0.645229466	0.437882873	0.33878772	0.251460215	0.273746142	0.271629035	0.303367231	0.347596131
20230405	90	0.638540127	0.434102933	0.349937561	0.247755762	0.276004904	0.271821415	0.30657686	0.345815604
20230404	90	0.640469869	0.431279514	0.336314404	0.240188613	0.268578246	0.276532901	0.293581548	0.33840926
20230403	90	0.623657109	0.429986148	0.326480179	0.237216666	0.277625994	0.270211772	0.295035977	0.345462873
20230331	90	0.632041107	0.422105529	0.342641807	0.241252169	0.271819225	0.263707205	0.290170075	0.338685924
20230330	90	0.592512616	0.397227966	0.31058971	0.232408098	0.260759218	0.265228411	0.297946447	0.330840504
20230329	90	0.590986991	0.393584417	0.311165173	0.223500789	0.266251017	0.267320763	0.302561995	0.334269353
20230328	90	0.582539763	0.385396826	0.313656863	0.228007542	0.259857904	0.26315131	0.303674873	0.339843345
20230327	90	0.590777628	0.380695993	0.30337476	0.225972633	0.263221155	0.257262935	0.302076927	0.344104269
20230324	90	0.583816935	0.38285204	0.309347225	0.22367894	0.265052536	0.266530601	0.276329965	0.292001881
20230323	90	0.581631238	0.391424981	0.314516452	0.227563618	0.263208741	0.261375658	0.277287954	0.299806589
20230322	90	0.597007166	0.392074789	0.304236734	0.226800267	0.265043411	0.26737343	0.275473268	0.297050332
20230321	90	0.601310987	0.387904826	0.307696517	0.227653147	0.262836537	0.266516635	0.269421728	0.297225999
20230317	90	0.535449937	0.363150335	0.291551155	0.218405049	0.258809416	0.246150985	0.27196889	0.31128327
20230316	90	0.496561528	0.332365924	0.272010064	0.198081523	0.251936409	0.255654217	0.272616877	0.315159237
20230315	90	0.501266722	0.314752231	0.264933357	0.200546602	0.246813981	0.252609965	0.273965547	0.324032441
20230314	90	0.496286043	0.330742382	0.263900427	0.204855714	0.246994853	0.253830267	0.269464327	0.313375032
20230313	90	0.514244574	0.339359505	0.270747713	0.206037404	0.233077675	0.254242579	0.273177493	0.300424044
20230310	90	0.455045213	0.300822422	0.246858139	0.189285048	0.235618466	0.251941999	0.270987183	0.312171608
20230309	90	0.446866411	0.297078265	0.241723757	0.189562698	0.2390222	0.246699755	0.277471236	0.310061772
20230308	90	0.438011429	0.303228081	0.243940659	0.187203263	0.232772107	0.241152791	0.267885233	0.336607925
20230307	90	0.45323559	0.291155152	0.241672113	0.182011564	0.235885038	0.235825278	0.269083815	0.329028422
20230306	90	0.49164807	0.324045471	0.267750129	0.200364399	0.232684634	0.24147222	0.27650594	0.328265961
20230303	90	0.467646065	0.301411378	0.23936014	0.179861675	0.213193201	0.243787369	0.274882453	0.301685315
20230302	90	0.471703111	0.31992904	0.246999274	0.180129974	0.213776075	0.254256763	0.284729459	0.300591694
20230301	90	0.536055605	0.347709543	0.283255756	0.207282381	0.239686045	0.25022401	0.291300747	0.31653671
20230228	90	0.593834921	0.397240017	0.322103699	0.225920821	0.243384768	0.250479275	0.288614962	0.323459439
20230227	90	0.591366216	0.423354164	0.322711905	0.222489571	0.249022522	0.253495106	0.284277797	0.318376307
20230224	90	0.590920028	0.380855242	0.303522709	0.217738046	0.239443045	0.252911459	0.278179176	0.297465372
20230223	90	0.249198229	0.161293988	0.139996167	0.123673234	0.202183325	0.215747215	0.253316889	0.321311613
20230222	90	0.258509905	0.158585559	0.136561476	0.122439991	0.201528483	0.217425043	0.247582501	0.309844625
20230221	90	0.235964855	0.155073944	0.130571246	0.115201686	0.183187371	0.219719273	0.24771826	0.288120038
20230220	90	0.229440865	0.150158054	0.12465267	0.105503862	0.161084158	0.208532889	0.246686783	0.27293082
20230217	90	0.243676702	0.158247421	0.134756595	0.111850521	0.176237371	0.204782332	0.239192362	0.264026579
20230216	90	0.234603099	0.154021575	0.132513229	0.110242736	0.178186338	0.211792993	0.238780098	0.273644745
20230215	90	0.234240679	0.151393929	0.130704819	0.110398854	0.179152854	0.204293493	0.23009371	0.25920385
20230214	90	0.21680496	0.139300329	0.12295232	0.112162124	0.183003152	0.205766523	0.219775909	0.254496369
20230213	90	0.232002033	0.153389639	0.129906147	0.110209101	0.171662381	0.191763773	0.211528522	0.248728945
20230210	90	0.228440406	0.148852353	0.129205447	0.109293766	0.165718249	0.181130385	0.203746301	0.248773543
20230209	90	0.263411135	0.172554368	0.140428351	0.109103735	0.157392085	0.18520084	0.187976219	0.191904134
20230208	90	0.257317668	0.169216241	0.140987846	0.106865435	0.154396553	0.187511668	0.198408286	0.202997457
20230207	90	0.252712293	0.168017473	0.142305117	0.106038343	0.150577676	0.185543293	0.193618634	0.194261781
20230203	90	0.257416073	0.17005743	0.139770197	0.110064927	0.153377459	0.183531375	0.195900278	0.196030746
20230202	90	0.25918466	0.166162603	0.140155608	0.107900739	0.144233973	0.177293596	0.18651375	0.179442592
20230201	90	0.252649517	0.169475281	0.138938529	0.108309612	0.141903363	0.175969871	0.192885579	0.182887681
20230131	90	0.261302137	0.17542073	0.137936527	0.105159085	0.143264187	0.174655222	0.188467508	0.183721457
20230130	90	0.256555875	0.169937293	0.137246408	0.102259204	0.143814435	0.178428892	0.190368398	0.181258409
20230127	90	0.271254543	0.184158629	0.141836693	0.109091979	0.136021373	0.173014236	0.191586231	0.179232472
20230126	90	0.285848538	0.199098382	0.152377837	0.102890956	0.12599654	0.167952416	0.189733122	0.162837665
20230125	90	0.292839896	0.191055022	0.153913167	0.109904686	0.142750716	0.190246378	0.194677192	0.176881253
20230124	90	0.278160154	0.189725233	0.151116442	0.110947204	0.148223654	0.18256762	0.192267362	0.183878928
20230123	90	0.278494884	0.178085637	0.146099219	0.110129051	0.155219995	0.183471596	0.209560252	0.206898064
20230120	90	0.31869586	0.22475047	0.17267211	0.13209725	0.170189035	0.190592757	0.202093712	0.207123232
20230119	90	0.335531334	0.225603512	0.179917174	0.137656127	0.167292174	0.187779255	0.20095331	0.204903098
20230118	90	0.33940644	0.224324658	0.175281813	0.128939186	0.168492085	0.194870813	0.20544579	0.221986314
20230117	90	0.349559508	0.234540621	0.186475502	0.136258828	0.158600562	0.190251646	0.211191157	0.199411123
20230116	90	0.354499765	0.232719199	0.1825903	0.133652517	0.160217588	0.194563385	0.21075688	0.202262163
20230113	90	0.362120907	0.230424857	0.182061269	0.130020853	0.157973291	0.192281195	0.213766468	0.20334348
20230112	90	0.316752231	0.214653896	0.172405094	0.131397795	0.178212592	0.198210831	0.200519458	0.215135401
20230111	90	0.320879396	0.211124245	0.170817638	0.129782945	0.174087575	0.200899503	0.205225337	0.216384455
20230110	90	0.317963015	0.205870332	0.173866799	0.1352441	0.174916196	0.200234982	0.207458544	0.216628184
20230109	90	0.310093019	0.212247907	0.171040816	0.133776159	0.177053319	0.198745626	0.211090684	0.234236673
20230106	90	0.336784949	0.22360992	0.174455707	0.13080903	0.163704811	0.197077805	0.215415805	0.236893321
20230105	90	0.338962304	0.219412675	0.174874965	0.136667869	0.176229814	0.195070925	0.231802116	0.275926714
20230104	90	0.396929084	0.266054746	0.20992082	0.147323415	0.178189392	0.196663771	0.229974989	0.25371037
20230103	90	0.385309592	0.263180402	0.207513918	0.153471782	0.184268413	0.204872431	0.240565493	0.283733589
20230102	90	0.385746772	0.263069344	0.204925347	0.150497752	0.183987806	0.217747947	0.246856806	0.251963572
20221230	90	0.385483494	0.25769893	0.205395512	0.147445688	0.182195129	0.216759556	0.24656578	0.262079312
20221229	90	0.389744748	0.246628765	0.203860116	0.147461397	0.176058722	0.213432647	0.246607125	0.260593264
20221228	90	0.425759936	0.290421029	0.22458337	0.148654709	0.164771049	0.221046449	0.253268778	0.240333587
20221227	90	0.441078154	0.295784602	0.231068228	0.165873433	0.188594123	0.229677963	0.266896675	0.265376998
20221226	90	0.434565996	0.291046712	0.226673478	0.16132435	0.193910755	0.230270939	0.259486731	0.249119623
20221223	90	0.435051658	0.292363	0.226857978	0.164573096	0.193271599	0.230187833	0.261473913	0.25653681
20221222	90	0.441867076	0.284342567	0.235097105	0.164960736	0.199774018	0.236979515	0.256952378	0.254973936
20221221	90	0.421195118	0.283548945	0.226258531	0.168513954	0.208546794	0.246616103	0.259123786	0.274696861
20221220	90	0.434345414	0.302390383	0.232509795	0.173271834	0.217919047	0.247562327	0.263764178	0.281582214
20221219	90	0.4408236	0.285914311	0.235734031	0.177416878	0.217711062	0.243687901	0.257879704	0.285953223
20221216	90	0.442084439	0.296891715	0.235415258	0.173922658	0.221598014	0.246397099	0.265593412	0.280279426
20221215	90	0.442460688	0.30497147	0.242959411	0.17964352	0.218393137	0.240471751	0.27285681	0.278327741
20221214	90	0.466217173	0.30313256	0.240936394	0.176197278	0.211774053	0.250309768	0.256055288	0.273383802
20221213	90	0.448091691	0.294569363	0.235410185	0.179381892	0.228866532	0.249551165	0.257589915	0.264334454
20221209	90	0.860954636	0.57518226	0.455653945	0.313479871	0.344461465	0.34742247	0.339666977	0.359546649
20221208	90	0.785731181	0.519268569	0.410973243	0.289792373	0.313731011	0.325273618	0.333856059	0.345793472
20221207	90	0.790340594	0.517164841	0.406237918	0.285844007	0.315907426	0.318690666	0.32366822	0.35938156
20221206	90	0.749670673	0.508181316	0.41111764	0.289908184	0.316435975	0.316947715	0.360533021	0.408118215
20221205	90	0.672034388	0.44827478	0.351213623	0.245351056	0.267807927	0.291459325	0.293662755	0.288395192
20221202	90	0.658870494	0.454332989	0.357988511	0.252589153	0.274156858	0.291249151	0.298493065	0.301035966
20221201	90	0.652144056	0.445905942	0.34342911	0.247852744	0.274815604	0.267657859	0.304607699	0.348600968
20221130	90	0.668056152	0.433430476	0.344247969	0.251707613	0.272932891	0.265207746	0.300942124	0.34387554
20221129	90	0.665234338	0.434944353	0.351309773	0.245161543	0.272216716	0.269023907	0.295971629	0.34955002
20221128	90	0.663769084	0.439765596	0.344582599	0.244520359	0.275088246	0.265329933	0.301595969	0.346030003
20221125	90	0.66787582	0.432735752	0.337145258	0.249030734	0.275869261	0.270418438	0.299931444	0.35644705
20221124	90	0.641505991	0.420648752	0.343431659	0.244870076	0.276053277	0.274297375	0.295420704	0.34779878
20221123	90	0.627884433	0.417507424	0.340928905	0.252707829	0.266023334	0.271882758	0.305547771	0.33457689
20221122	90	0.648638716	0.411653588	0.341337385	0.242327338	0.274992999	0.269167066	0.308156391	0.346735562
20221118	90	0.623282088	0.420482219	0.332259712	0.24288156	0.264450466	0.270264969	0.29404536	0.34343056
20221117	90	0.573722729	0.402282618	0.316170766	0.218237041	0.267249263	0.266491072	0.303767324	0.340346967
20221116	90	0.594177987	0.385941793	0.311735833	0.22937248	0.269847084	0.270855823	0.300287529	0.343850136
20221115	90	0.585772328	0.38594597	0.306467673	0.231490213	0.26407881	0.271548472	0.294356598	0.334011964
20221114	90	0.588293641	0.400603836	0.304837855	0.227543771	0.260257436	0.263786412	0.301776163	0.353085548
20221111	90	0.595243602	0.385265717	0.306727295	0.224792191	0.262610003	0.259784212	0.276334119	0.294858559
20221110	90	0.581605642	0.388732951	0.311872223	0.229681055	0.260786294	0.265945356	0.271283702	0.299261498
20221109	90	0.578176225	0.404403879	0.313647772	0.228548388	0.25880118	0.255044599	0.268691783	0.29821096
20221108	90	0.592519594	0.385024484	0.317855728	0.226429444	0.268092639	0.259324966	0.268763528	0.294189599
20221107	90	0.552001468	0.360648392	0.292501286	0.216838283	0.252022407	0.257295158	0.265155685	0.317307891
20221104	90	0.495334797	0.331352679	0.270430849	0.200232465	0.245456178	0.252860317	0.283351134	0.321308602
20221103	90	0.509400422	0.321987088	0.264421268	0.199689011	0.245847726	0.251591482	0.270513818	0.322221523
20221101	90	0.503521233	0.32914111	0.267089295	0.200613572	0.242202305	0.251800097	0.279221017	0.313027158
20221031	90	0.519710513	0.343042605	0.264544453	0.198059564	0.236061024	0.251810045	0.282970857	0.303309038
20221028	90	0.453644881	0.301336008	0.247238395	0.183836899	0.233236564	0.252350326	0.269719122	0.313759172
20221027	90	0.445859128	0.30525642	0.244002635	0.187986908	0.242172555	0.25576041	0.268044573	0.315017424
20221026	90	0.457062947	0.295594498	0.239211024	0.189690065	0.23784665	0.244411337	0.269417483	0.338362554
20221025	90	0.446338495	0.30422658	0.243012187	0.189660626	0.237780623	0.239162334	0.279617342	0.326806811
20221024	90	0.48050523	0.328979837	0.263602359	0.197545803	0.237936455	0.243067632	0.268530757	0.32180744
20221021	90	0.457196684	0.303881699	0.240322274	0.179315926	0.214810184	0.244845423	0.277567087	0.297932417
20221020	90	0.481605971	0.318771552	0.249019945	0.181389402	0.21641461	0.262462721	0.283179097	0.292539183
20221019	90	0.540854941	0.359933267	0.27335238	0.206058928	0.237907281	0.252337893	0.287305231	0.321232264
20221018	90	0.611743098	0.399482078	0.318929948	0.221238515	0.243216473	0.249464891	0.285765955	0.312934939
20221017	90	0.599316582	0.408937862	0.320320045	0.230733325	0.240503	0.2548875	0.285980256	0.322214404
20221014	90	0.579558425	0.380520251	0.298791624	0.221755668	0.242670353	0.255047692	0.27484045	0.301117569
20221013	90	0.249780392	0.159801679	0.1387506	0.121249428	0.192478332	0.21457397	0.250246946	0.315854647
20221012	90	0.252497504	0.15885245	0.140564501	0.125145058	0.195528434	0.224592541	0.253766073	0.293825099
20221011	90	0.233962167	0.150480207	0.135799407	0.116214833	0.190565816	0.217791641	0.256317209	0.295949697
20221010	90	0.230717379	0.149859983	0.12815847	0.104839371	0.16570879	0.209900908	0.247529674	0.268761245
20221007	90	0.241926645	0.162517949	0.13529613	0.110255491	0.171406316	0.207717911	0.239987523	0.269093909
20221006	90	0.230468358	0.157264065	0.130249118	0.110152837	0.177805105	0.204123903	0.232678078	0.275661152
20221005	90	0.239661803	0.155318993	0.134335945	0.112282702	0.174082564	0.207307219	0.231455393	0.258818746
20221004	90	0.221795133	0.147168205	0.124660365	0.109687188	0.189451914	0.205507747	0.221361272	0.256688534
20221003	90	0.242294493	0.153769985	0.132965055	0.111576239	0.167995712	0.194383409	0.215372195	0.258029655
20220930	90	0.230398856	0.151384337	0.128370447	0.109836094	0.161072363	0.186122807	0.207170754	0.249351956
20220929	90	0.252844716	0.171634318	0.137158459	0.109378885	0.153752412	0.180934055	0.191477618	0.188968768
20220928	90	0.260160889	0.1679276	0.137785677	0.108239704	0.153470412	0.190881925	0.198913185	0.197544863
